one	377
room	374
hair	320
door	314
eyes	292
house	242
head	211
face	204
hand	201
something	191
window	170
hands	168
things	161
way	160
voice	133
book	130
car	122
words	118
time	118
bag	116
water	116
place	115
side	114
thing	113
body	111
table	110
name	108
life	107
box	101
wall	98
kind	97
story	95
chair	94
road	94
air	88
sign	88
office	88
world	87
shirt	87
work	84
day	83
sun	80
p	79
light	78
floor	75
word	75
line	73
building	73
trees	72
bed	72
apartment	72
legs	72
arm	71
smile	71
dress	69
look	68
letter	68
sound	68
silence	67
child	66
hat	66
kitchen	66
glass	66
clothes	66
school	65
windows	64
it	64
anything	63
screen	63
desk	62
mouth	62
me	61
father	61
suit	61
wind	60
fire	60
phone	59
crowd	59
business	59
skin	59
coat	57
job	56
money	56
chest	56
paper	56
city	55
company	55
card	54
jacket	54
machine	54
piece	54
system	54
feet	53
books	53
all	53
lot	52
tree	52
man	50
years	50
sky	50
sort	49
dollars	49
bathroom	49
point	49
him	48
wine	48
letters	47
bottle	47
river	47
truck	46
people	46
questions	46
ring	46
heart	45
shoes	45
number	45
them	44
stomach	44
person	44
lips	44
eye	44
music	44
ones	44
nothing	43
case	43
gun	43
woman	43
town	43
leg	43
forehead	42
novel	42
game	42
cigarette	42
space	42
lines	42
plate	41
area	41
store	41
mind	41
teeth	41
walls	41
top	41
fingers	40
neck	40
state	39
dream	39
night	39
arms	39
bus	39
lamp	39
ball	39
family	39
River	38
animals	38
ways	38
those	38
everything	38
manner	37
end	37
food	37
note	37
station	37
mother	37
part	37
doors	37
tail	37
breasts	37
mirror	37
cup	37
laugh	36
coffee	36
dog	36
other	36
boat	36
street	36
song	36
class	36
minutes	35
glasses	35
group	35
stick	35
rock	35
tone	35
situation	35
home	35
set	35
two	35
sheet	35
object	35
tongue	34
bedroom	34
position	34
back	34
tea	34
cheek	34
That	34
bowl	34
program	34
cat	34
stars	33
her	33
conversation	33
breath	33
stream	33
bar	33
pair	33
speed	32
events	32
dinner	32
question	32
radio	32
shoulders	32
team	32
act	32
cap	32
path	32
monitor	32
sleep	32
land	31
porch	31
hall	31
knife	31
restaurant	31
snow	31
moment	31
picture	31
surface	31
smell	31
stories	31
stone	31
study	30
son	30
map	30
foot	30
moon	30
rain	29
problem	29
ship	29
blood	29
language	29
thoughts	29
women	29
pain	29
circumstances	29
watch	29
ease	29
magazine	29
age	28
structure	28
dreams	28
taste	28
horse	28
gate	28
gesture	28
stairs	28
show	28
hole	28
expression	28
condition	27
idea	27
closet	27
nature	27
stuff	27
computer	27
roof	27
seat	27
grass	27
clock	27
envelope	27
circle	27
war	26
accent	26
scene	26
fish	26
deal	26
cabin	26
shoulder	26
Street	26
names	26
staircase	26
play	26
color	26
tape	26
English	25
form	25
TV	25
couch	25
hour	25
plan	25
skirt	25
notes	25
days	25
noise	25
poem	25
meeting	25
own	25
height	25
smoke	25
chain	25
hours	24
operation	24
stage	24
couple	24
hotel	24
attention	24
m	24
brain	24
blanket	24
hill	24
nose	24
thought	24
country	24
pieces	24
answer	24
branches	24
fact	24
robe	23
pool	23
size	23
movie	23
houses	23
drink	23
future	23
steps	23
style	23
sword	23
wagon	23
button	23
bags	23
bodies	23
friend	23
morning	23
leaves	23
streets	23
bank	23
Center	23
ears	23
year	23
bones	23
pack	23
ground	22
girl	22
ceiling	22
children	22
ice	22
process	22
affair	22
beer	22
curtain	22
darkness	22
pistol	22
cloud	22
four	22
photo	22
service	22
newspaper	22
mountains	22
page	22
baby	22
beard	22
camera	21
bill	21
Club	21
mask	21
garage	21
ear	21
storm	21
parts	21
tunnel	21
matter	21
lights	21
lip	21
hospital	21
photographs	21
drawer	21
memory	21
plant	21
belt	21
basket	21
ladder	21
center	21
pile	21
bridge	21
men	21
church	21
translation	21
tip	21
love	20
news	20
period	20
sea	20
pipe	20
speech	20
rope	20
marriage	20
dogs	20
boots	20
platform	20
elevator	20
field	20
breakfast	20
Avenue	20
beach	20
force	20
command	20
walk	20
sweater	20
garden	20
summer	20
board	20
belly	20
soup	20
plates	20
tears	19
event	19
power	19
subject	19
second	19
control	19
plane	19
pause	19
faces	19
shop	19
meetings	19
island	19
rest	19
edge	19
Road	19
sofa	19
cage	19
planet	19
times	19
leaf	19
beauty	19
band	19
trail	19
carpet	19
mist	19
kinds	19
frame	19
shorts	19
flowers	19
House	19
corridor	19
spot	19
sounds	19
bird	19
mustache	19
shape	18
none	18
towel	18
quality	18
uniform	18
glow	18
toilet	18
forest	18
pants	18
handle	18
mail	18
van	18
gown	18
article	18
freedom	18
track	18
waves	18
numbers	18
cloth	18
Christmas	18
death	18
flames	18
round	18
anyone	18
creatures	18
mass	18
woods	18
heat	18
sack	18
sweat	18
I	18
series	18
objects	18
stones	18
liquid	18
cab	18
bars	18
scarf	18
painting	17
weapon	17
pouch	17
Hall	17
emotion	17
trip	17
he	17
lobby	17
cards	17
purse	17
barn	17
more	17
others	17
fence	17
rooms	17
cars	17
gold	17
code	17
kiss	17
changes	17
bit	17
order	17
ships	17
buildings	17
club	17
art	17
furniture	17
cabinet	17
percent	17
chin	17
wood	17
activity	17
bicycle	16
yard	16
bike	16
wig	16
problems	16
boy	16
laptop	16
sand	16
throat	16
experience	16
knees	16
Chicago	16
view	16
character	16
deck	16
front	16
statue	16
weight	16
handkerchief	16
library	16
landscape	16
unit	16
friends	16
forms	16
trunk	16
horses	16
student	16
phrase	16
reality	16
attack	16
suitcase	16
hers	16
Park	16
hips	16
message	16
us	16
underwear	16
papers	16
farm	16
film	16
choice	16
breeze	16
while	16
pills	16
right	16
vision	16
television	16
pride	16
scar	16
change	16
wound	16
display	16
places	16
season	16
project	16
jaw	16
mine	16
matters	16
photograph	16
gardens	16
fear	16
bow	16
butt	16
drive	15
term	15
course	15
beam	15
creature	15
universe	15
clouds	15
rocks	15
talent	15
mood	15
bundle	15
wings	15
wave	15
boats	15
toes	15
firm	15
pond	15
direction	15
shot	15
slip	15
#	15
feeling	15
contract	15
someone	15
feelings	15
trailer	15
pace	15
route	15
list	15
source	15
groups	15
glance	15
creek	15
network	15
outfit	15
suite	15
nails	15
instrument	15
key	15
block	15
bread	15
information	15
milk	14
cash	14
rules	14
highway	14
square	14
episode	14
grin	14
School	14
can	14
data	14
date	14
village	14
chairs	14
bottles	14
muscles	14
birthday	14
accident	14
engine	14
boys	14
device	14
port	14
limbs	14
dust	14
passage	14
shift	14
soul	14
basement	14
license	14
behavior	14
theory	14
gloves	14
offer	14
evidence	14
party	14
palm	14
bell	14
scent	14
drops	14
attitude	14
this	14
waters	14
signs	14
jeans	14
flow	14
type	14
collection	14
seconds	14
birds	14
movements	14
eyebrows	14
left	14
Office	14
memories	14
red	14
lives	14
novels	14
politics	14
studies	14
umbrella	14
star	13
metal	13
week	13
figure	13
trousers	13
areas	13
file	13
player	13
egg	13
task	13
joke	13
One	13
sense	13
distance	13
method	13
cigar	13
government	13
napkin	13
pounds	13
fist	13
era	13
blue	13
tray	13
texts	13
technology	13
society	13
six	13
patch	13
switch	13
image	13
lunch	13
wife	13
jokes	13
Act	13
States	13
moments	13
fog	13
thumb	13
tub	13
raven	13
bottom	13
move	13
turn	13
pad	13
cover	13
lessons	13
sex	13
explosion	13
cans	13
dirt	13
stand	13
horizon	13
cottage	13
laws	13
boulders	12
blocks	12
everyone	12
camp	12
neighborhood	12
Church	12
daughter	12
both	12
estate	12
tunic	12
booth	12
sheets	12
joy	12
vehicles	12
investigation	12
voices	12
University	12
charm	12
knot	12
pot	12
cafeteria	12
Sea	12
chamber	12
design	12
sink	12
skills	12
existence	12
City	12
surgery	12
paintings	12
layer	12
cheese	12
bits	12
Bridge	12
powder	12
sight	12
address	12
minute	12
fashion	12
guy	12
banner	12
fight	12
God	12
valley	12
breathing	12
property	12
treatment	12
aisle	12
wrist	12
agenda	12
appearance	12
excitement	12
sunglasses	12
luck	12
Court	12
counter	12
current	12
rat	12
plot	12
fat	12
audience	12
thirty	12
sandwich	12
ankle	12
glare	12
third	12
laughter	12
buttons	12
fireplace	12
half	12
wheels	12
lab	12
talk	12
support	12
passion	12
traffic	12
conversations	12
funeral	12
briefcase	12
drinks	12
personality	12
Creek	12
shadow	12
equipment	11
battle	11
tales	11
wallet	11
keys	11
energy	11
rifle	11
interest	11
perspective	11
pocket	11
bucket	11
headline	11
ideas	11
reasons	11
touch	11
Company	11
knowledge	11
middle	11
finger	11
action	11
terms	11
ocean	11
sentences	11
motion	11
disease	11
nipples	11
loss	11
incident	11
drugs	11
issue	11
feature	11
habits	11
shirts	11
volume	11
plants	11
spirit	11
vessel	11
branch	11
wheelchair	11
interview	11
corner	11
overcoat	11
airport	11
forces	11
first	11
clinic	11
movies	11
guitar	11
cast	11
facts	11
bills	11
soap	11
console	11
points	11
much	11
chance	10
robot	10
gifts	10
section	10
month	10
nickname	10
mode	10
race	10
locket	10
privacy	10
routine	10
lake	10
bolt	10
chill	10
erection	10
cake	10
sail	10
poles	10
break	10
candles	10
coin	10
circles	10
sorts	10
vest	10
alley	10
pads	10
mechanism	10
stairway	10
anger	10
software	10
hatch	10
slope	10
Department	10
ditch	10
nights	10
shops	10
scrap	10
net	10
bangs	10
mattress	10
strength	10
species	10
animal	10
activities	10
Day	10
State	10
backpack	10
pattern	10
den	10
mound	10
site	10
sequence	10
fans	10
escape	10
you	10
truth	10
cape	10
statues	10
shields	10
goat	10
chicken	10
shower	10
figures	10
sister	10
roots	10
white	10
ribbon	10
skull	10
present	10
reaction	10
account	10
refrigerator	10
mare	10
arrow	10
suits	10
package	10
horn	10
carriage	10
reason	10
nod	10
plastic	10
mountain	10
spell	10
duty	10
hook	10
step	10
ramp	10
test	10
homework	10
panel	10
childhood	10
cord	10
Mars	10
price	10
machines	10
Hotel	10
virus	10
himself	10
another	10
procedure	10
trucks	10
chains	10
meal	10
what	10
guns	10
shelves	10
parlor	10
relationship	10
wedding	10
poetry	10
sunlight	10
newspapers	10
brow	10
column	10
fever	10
substance	10
ribs	10
fortune	10
benches	10
spear	10
Bureau	9
effect	9
flashlight	9
magazines	9
works	9
help	9
gratitude	9
pressure	9
locks	9
means	9
agreement	9
C	9
desire	9
market	9
America	9
discussion	9
passages	9
tables	9
habit	9
mud	9
tug	9
Something	9
variety	9
programs	9
tie	9
pillow	9
purpose	9
snake	9
grace	9
attraction	9
applause	9
attacks	9
items	9
necklace	9
dance	9
some	9
career	9
she	9
shelf	9
clay	9
pictures	9
heads	9
notebook	9
gift	9
reflection	9
screens	9
flame	9
stations	9
prayer	9
cell	9
roll	9
arrival	9
boxes	9
Manhattan	9
cups	9
flight	9
gallery	9
toast	9
any	9
curtains	9
guilt	9
pots	9
beams	9
bulb	9
shit	9
dish	9
cameras	9
pleasure	9
shawl	9
collar	9
odor	9
medicine	9
hallway	9
shadows	9
Bill	8
sheath	8
roar	8
each	8
bull	8
tools	8
growth	8
grandmother	8
parents	8
angle	8
lady	8
nightmare	8
emotions	8
start	8
handles	8
lover	8
evening	8
perfume	8
messages	8
fields	8
most	8
sections	8
staff	8
heel	8
policy	8
penis	8
loafers	8
trial	8
skill	8
cause	8
kids	8
scream	8
youth	8
whistle	8
Lucy	8
baskets	8
systems	8
paddle	8
chandelier	8
portfolio	8
being	8
hut	8
portal	8
Mart	8
pit	8
tracks	8
tests	8
torso	8
channel	8
supervisor	8
dishes	8
peace	8
courthouse	8
meat	8
theater	8
use	8
knob	8
history	8
piano	8
material	8
journal	8
stain	8
record	8
walks	8
ticket	8
thread	8
response	8
nations	8
emphasis	8
sets	8
plaque	8
particles	8
living	8
shuttle	8
offices	8
idiot	8
stack	8
lift	8
beat	8
coffin	8
veil	8
neighbor	8
details	8
games	8
apples	8
weeks	8
toe	8
bosom	8
discovery	8
rocket	8
manuscript	8
pan	8
core	8
sugar	8
tulips	8
culture	8
blond	8
hunger	8
eyebrow	8
tag	8
five	8
Mountain	8
forearm	8
remarks	8
brochure	8
fruit	8
lounge	8
issues	8
wet	8
paths	8
headlights	8
Books	8
tits	8
stretch	8
looks	8
bath	8
prison	8
lipstick	8
cough	8
packet	8
match	8
gear	8
brother	8
reactions	8
Island	8
tube	8
vegetables	8
kick	8
fifties	8
Friday	8
High	8
rage	8
verse	8
movement	8
little	8
corpse	8
title	8
months	8
invitation	8
curiosity	8
blow	8
brush	8
oven	8
hairs	8
juice	8
intelligence	8
taxi	8
blossoms	8
stereo	8
chase	8
presence	8
drum	8
mystery	8
condo	8
balls	8
opinions	8
hit	8
Bay	8
Army	8
web	8
characters	8
cigarettes	8
canteen	8
dozens	8
flood	8
blouse	8
factory	8
mirrors	8
member	8
earth	8
o'clock	8
writings	8
phenomenon	8
scenery	8
approach	8
bullet	8
countries	8
hills	8
science	8
beers	8
progress	8
monkey	8
roses	8
cafe	8
punch	8
Station	8
headache	8
ten	8
thinking	8
images	8
watches	8
bitterness	8
thighs	8
Joe	8
dock	8
pier	8
excess	8
plans	8
blast	8
families	8
Museum	8
portrait	8
pockets	8
schools	8
label	8
flaw	8
oak	8
flag	8
up	8
whale	8
check	8
armchair	8
wolf	8
rod	8
shoe	8
fur	8
string	8
ash	8
husband	8
orange	8
walker	8
West	8
hope	8
secret	8
companies	8
cut	8
tank	7
deaths	7
instance	7
few	7
calm	7
oxygen	7
deer	7
tumbler	7
writing	7
orders	7
tent	7
wealth	7
countryside	7
tide	7
shell	7
levels	7
result	7
adventure	7
doll	7
curve	7
happiness	7
balloons	7
Virginia	7
chorus	7
cable	7
uniforms	7
trash	7
lap	7
corners	7
fingertips	7
banks	7
motel	7
qualities	7
snakes	7
ritual	7
DNA	7
atmosphere	7
tones	7
windshield	7
canopy	7
flash	7
authority	7
ceremony	7
blackness	7
cold	7
People	7
quarrel	7
vacation	7
Society	7
philosophy	7
rug	7
sticks	7
module	7
laser	7
headquarters	7
affairs	7
tradition	7
bear	7
stores	7
mushrooms	7
park	7
tribe	7
hundreds	7
seven	7
resources	7
locker	7
sleeves	7
link	7
confession	7
mug	7
claws	7
balcony	7
wire	7
quarters	7
clearing	7
fabric	7
log	7
cheekbones	7
fury	7
jewelry	7
Two	7
gas	7
landing	7
apron	7
three	7
girls	7
languages	7
menu	7
seeds	7
Inn	7
strategies	7
hug	7
description	7
consciousness	7
dignity	7
violence	7
pages	7
element	7
bra	7
teacher	7
phase	7
sketch	7
courtyard	7
interior	7
mission	7
rods	7
enterprise	7
magic	7
level	7
lantern	7
department	7
imagination	7
assignment	7
films	7
structures	7
entrance	7
grave	7
slice	7
compound	7
success	7
rack	7
features	7
rise	7
region	7
pole	7
illness	7
ledge	7
axis	7
Hill	7
Porsche	6
trouble	6
screech	6
bees	6
exercises	6
his	6
error	6
dime	6
rags	6
container	6
vessels	6
peaks	6
doctrine	6
fiction	6
navel	6
phones	6
groan	6
urgency	6
waist	6
pose	6
Lord	6
bay	6
doom	6
sentence	6
shame	6
flies	6
stretches	6
readings	6
thousands	6
spots	6
fathers	6
fists	6
twins	6
spiral	6
Time	6
Africa	6
crying	6
lodge	6
plenty	6
lust	6
divorce	6
ending	6
nest	6
alleys	6
dissertation	6
procedures	6
bubble	6
depression	6
Home	6
statement	6
timbre	6
blueprint	6
rate	6
unison	6
bourbon	6
swimming	6
slap	6
identity	6
uncle	6
marble	6
visit	6
signal	6
medal	6
conference	6
murder	6
website	6
arc	6
No	6
male	6
chickens	6
lanes	6
Boulevard	6
queen	6
cows	6
surprise	6
thunder	6
vapors	6
temperament	6
meadow	6
teenager	6
promotion	6
floors	6
claims	6
stains	6
outfits	6
logic	6
advice	6
insurance	6
Group	6
Room	6
cancer	6
ponies	6
Building	6
parade	6
courage	6
doorway	6
congregation	6
football	6
jug	6
hammer	6
fights	6
Mexico	6
bucks	6
item	6
articles	6
logs	6
vase	6
Village	6
ravine	6
lots	6
helmet	6
cloak	6
bookstore	6
criticism	6
haze	6
exhalation	6
product	6
bench	6
chunks	6
writer	6
England	6
filter	6
Jimmy	6
feathers	6
costs	6
cracks	6
mall	6
driveway	6
casket	6
flavor	6
rounds	6
theories	6
drawing	6
badge	6
void	6
temperature	6
rains	6
Corporation	6
hunt	6
disaster	6
mining	6
cheeks	6
Tower	6
streak	6
Tales	6
heartbeat	6
wheel	6
lighter	6
marquee	6
lens	6
pass	6
gravity	6
vacuum	6
tale	6
liquor	6
lane	6
call	6
generation	6
headlines	6
horror	6
sin	6
conspiracy	6
salmon	6
futon	6
meals	6
makeup	6
fringe	6
visits	6
raincoat	6
ballroom	6
berries	6
experiment	6
linen	6
lid	6
War	6
cases	6
backyard	6
commentary	6
Clinic	6
packages	6
melancholy	6
curse	6
cottages	6
shriek	6
courses	6
hay	6
permit	6
role	6
concern	6
fantasy	6
contest	6
extent	6
sheep	6
ale	6
miracle	6
rebellion	6
army	6
heels	6
pocketbook	6
dresses	6
humor	6
lump	6
Kleenex	6
sleeve	6
documents	6
patio	6
Helen	6
stares	6
services	6
layers	6
score	6
festival	6
penny	6
S	6
NASA	6
shock	6
password	6
opportunity	6
shaft	6
status	6
iron	6
materials	6
dragon	6
TRANSLATOR	6
shards	6
robes	6
nerves	6
literature	6
Coke	6
target	6
jobs	6
skylight	6
Sun	6
stove	6
poems	6
Portland	6
association	6
insect	6
breast	6
loneliness	6
graveyard	6
volcano	6
miles	6
diary	6
opposite	6
swings	6
farmer	6
A	6
All	6
torture	6
dictionary	6
societies	6
stillness	6
Farm	6
Orleans	6
foundation	6
MONITOR	6
document	6
cart	6
court	6
waterfall	6
oysters	6
soda	6
eggs	6
accomplishments	6
supper	6
chores	6
matches	6
training	6
Jupiter	6
differences	6
treaty	6
mold	6
eyelids	6
limo	6
telling	6
religion	6
winter	6
G	6
emergency	6
dolls	6
environment	6
noises	6
puppy	6
notice	6
does	6
jar	6
streams	6
report	6
base	6
rig	6
raft	6
attempt	6
community	6
catwalk	6
mob	6
loan	6
balance	6
steam	6
cluster	6
pitcher	6
fate	6
headstone	6
run	6
kit	6
pines	6
dove	6
boyfriend	6
instructions	6
degree	6
drawings	6
trap	6
thesis	6
Motel	6
illnesses	6
jackets	6
grenade	6
London	6
Square	6
nightstand	6
destiny	6
lies	6
wail	6
traits	6
Canada	6
conditioning	6
shrug	6
restaurants	6
logo	6
seats	6
green	6
ridge	6
suburbs	6
planets	6
Anna	6
monster	6
conventions	6
wrench	6
interests	6
gap	6
humility	6
artistry	6
function	6
humans	6
journey	6
warehouse	6
high	6
wars	6
boot	6
cross	6
Constitution	6
advantage	6
knee	6
best	6
pie	6
distress	6
sundress	6
sisters	6
train	6
Bank	6
smiles	6
KNIVES	6
council	6
paste	6
debt	6
mouse	6
opinion	6
Highway	6
grey	6
liberal	6
salary	6
obstacles	6
Ford	6
crumbs	6
Jackson	6
dash	6
crate	6
cave	6
detail	6
whiskey	6
fit	6
stop	6
comer	6
terror	6
option	6
swing	6
crucifix	6
respect	6
janitor	6
Boston	6
root	6
beasts	6
clothing	6
champagne	6
DOOR	6
remark	6
kitten	6
blades	6
Bible	6
Atlantic	6
wing	6
mishap	6
farmhouse	6
Way	6
wages	6
law	6
weather	6
fingernails	6
lesson	6
cigars	6
goggles	6
results	5
apple	5
gestures	5
need	5
None	5
expedition	5
phrases	5
gaze	5
dead	5
Drive	5
sliver	5
promises	5
hide	5
last	5
towns	5
siblings	5
fault	5
stamp	5
duties	5
soil	5
suicide	5
threshold	5
district	5
handbag	5
rag	5
tattoos	5
location	5
we	5
print	5
Days	5
chapter	5
rhythm	5
roads	5
corridors	5
curb	5
treatments	5
King	5
practice	5
TREE	5
patterns	5
races	5
intimacy	5
crystals	5
fan	5
parties	5
dates	5
windbreaker	5
craft	5
pastures	5
loyalty	5
gossip	5
Spanish	5
Mouse	5
faith	5
example	5
Black	5
wash	5
cream	5
dimensions	5
laundry	5
sums	5
keyboard	5
intervals	5
officer	5
sphere	5
temples	5
affliction	5
essay	5
devices	5
projects	5
Nothing	5
rule	5
heritage	5
Charlie	5
candle	5
models	5
coats	5
sauce	5
elevators	5
memorandum	5
experiences	5
centuries	5
lead	5
fees	5
garments	5
warmth	5
communion	5
calendar	5
thousand	5
tension	5
standards	5
March	5
wires	5
twigs	5
assessment	5
honey	5
dose	5
alarm	5
tower	5
altar	5
holes	5
posture	5
exchanges	5
cupboard	5
coconut	5
colors	5
puzzle	5
students	5
strip	5
salute	5
trance	5
mile	5
shells	5
arena	5
straw	5
winters	5
spirits	5
hedges	5
responses	5
damage	5
components	5
lawn	5
century	5
Tree	5
leave	5
worlds	5
prism	5
journals	5
vine	5
calves	5
nook	5
railing	5
nonchalance	5
courtesy	5
dancing	5
battles	5
crates	5
curls	5
History	5
production	5
flat	5
recovery	5
education	5
adventures	5
panic	5
lie	5
secrets	5
cot	5
residue	5
sobs	5
Anything	5
nostalgia	5
edges	5
shade	5
homes	5
cushion	5
return	5
ashtray	5
balloon	5
fruits	5
maze	5
explanation	5
author	5
royalties	5
spells	5
chemicals	5
profession	5
recorder	4
orbit	4
impact	4
restraint	4
Junior	4
fellows	4
Taylor	4
British	4
Box	4
spaceship	4
procession	4
chant	4
vinegar	4
kimono	4
loop	4
legends	4
Council	4
Satan	4
seizures	4
grapes	4
blah	4
Allen	4
rap	4
a.m.	4
trembling	4
tents	4
defeat	4
mansion	4
architect	4
racks	4
fittings	4
illusion	4
Mercedes	4
organization	4
normal	4
crimes	4
prey	4
moan	4
frightened	4
cousin	4
crown	4
socks	4
Ruth	4
reply	4
alien	4
gait	4
pump	4
jack	4
ass	4
ID	4
individual	4
Herman	4
carp	4
turning	4
jaundice	4
Grove	4
radiation	4
apparel	4
find	4
Well	4
lack	4
Vietnam	4
south	4
Parkway	4
resignation	4
somebody	4
fifteen	4
ambience	4
bang	4
mane	4
officers	4
lisp	4
gasoline	4
fifty	4
charge	4
irritation	4
black	4
be	4
crew	4
cheesecake	4
diamond	4
Guard	4
monsters	4
inspection	4
risk	4
crater	4
President	4
amount	4
pulses	4
Love	4
poet	4
tournament	4
doctor	4
refill	4
pawnshop	4
Islands	4
photography	4
birdhouses	4
staring	4
boa	4
twig	4
clumps	4
stallion	4
sandwiches	4
pajamas	4
shackles	4
necks	4
wiring	4
Sunday	4
Larry	4
deception	4
blade	4
arch	4
herbs	4
impatience	4
platter	4
myself	4
funnel	4
intensity	4
whim	4
flannel	4
shroud	4
spices	4
will	4
coup	4
fly	4
tick	4
AIDS	4
hip	4
Paris	4
sonnet	4
Nike	4
agency	4
trestle	4
crows	4
fishing	4
marks	4
.	4
household	4
g	4
Berkshire	4
splinters	4
specialty	4
hunter	4
Villa	4
Harvey	4
Athens	4
Wayne	4
Elementary	4
Wrestling	4
losses	4
clogs	4
inch	4
snorted	4
stubble	4
getting	4
release	4
Everything	4
frames	4
ride	4
factors	4
birth	4
haul	4
treehouse	4
WAGON	4
consequences	4
spacecraft	4
surfaces	4
Fanny	4
difference	4
Heights	4
Floor	4
comment	4
jumpsuit	4
destination	4
gizmo	4
reactor	4
seam	4
faceplate	4
momentum	4
cables	4
replies	4
periods	4
agitation	4
exchange	4
bluffs	4
IV	4
whiskers	4
Things	4
guts	4
twin	4
Chevy	4
weariness	4
souls	4
streetlamps	4
buckets	4
assembly	4
rice	4
Shylock	4
barrel	4
register	4
bundles	4
west	4
tear	4
troop	4
promontory	4
Woman	4
pearls	4
Japan	4
Son	4
France	4
booklet	4
mess	4
necessity	4
afternoon	4
canal	4
bastards	4
burst	4
Diet	4
pantry	4
boardinghouse	4
telephone	4
Catholic	4
Teresa	4
cry	4
regimen	4
speeches	4
college	4
spoon	4
rose	4
barking	4
scratch	4
jazz	4
bedcovers	4
cuirass	4
Mommy	4
Austin	4
EXPLOSION	4
Lincoln	4
barrage	4
additives	4
dresser	4
shotgun	4
lands	4
bead	4
shouts	4
practices	4
Short	4
float	4
pedals	4
monitors	4
dreaming	4
atop	4
lord	4
freak	4
flyers	4
sticker	4
orphanage	4
semester	4
Pack	4
Fine	4
thirteenth	4
computers	4
care	4
boards	4
notion	4
contempt	4
smog	4
deference	4
cavalry	4
kingdom	4
alternative	4
calf	4
alcove	4
outcome	4
crises	4
efficiency	4
airlock	4
dune	4
tourist	4
Mississippi	4
shrubs	4
weeds	4
pillowcase	4
inkling	4
beginning	4
angles	4
concession	4
prize	4
new	4
mixture	4
boundaries	4
rats	4
desert	4
lizard	4
gut	4
curriculum	4
irony	4
tab	4
partner	4
strain	4
lashes	4
editor	4
rows	4
thongs	4
contacts	4
artery	4
jerk	4
moi	4
limp	4
lock	4
roster	4
directions	4
drunk	4
OK	4
nude	4
tarp	4
tureen	4
tablecloth	4
symbol	4
firewood	4
goodbye	4
ends	4
swagger	4
Mysteries	4
questionnaire	4
cuts	4
mosque	4
checks	4
tomatoes	4
orb	4
cemetery	4
comfort	4
acts	4
songs	4
beads	4
female	4
slopes	4
receptacle	4
scholarship	4
cliches	4
ambition	4
kitchens	4
Wall	4
pasture	4
Net	4
Comet	4
whine	4
chirp	4
cents	4
ravines	4
sympathy	4
Channel	4
H	4
measure	4
patient	4
cop	4
Those	4
motorcycle	4
girlfriend	4
connection	4
endeavor	4
washcloth	4
CARD	4
homicide	4
whitecaps	4
Batarang	4
standing	4
tapes	4
costume	4
Ten	4
CAN	4
gravy	4
memo	4
resonance	4
envelopes	4
ulcer	4
caf	4
supporters	4
detachment	4
agent	4
FBI	4
battery	4
committee	4
vampires	4
urge	4
Professor	4
least	4
self	4
Night	4
tooth	4
pavement	4
script	4
occasion	4
campaign	4
efforts	4
braids	4
scheme	4
Review	4
profile	4
newspad	4
babies	4
gentle	4
patchy	4
needles	4
grandparents	4
harangue	4
Memorial	4
deceit	4
certificate	4
controller	4
processes	4
physics	4
Concerto	4
functions	4
Hawaii	4
bunk	4
binoculars	4
T	4
moat	4
Men	4
frequency	4
entry	4
integrity	4
experiments	4
deluge	4
spears	4
coffeehouse	4
ink	4
baths	4
ions	4
dad	4
forests	4
organizations	4
diamonds	4
nation	4
oblivion	4
spine	4
thirties	4
authorities	4
silver	4
cubicle	4
dollar	4
printer	4
tabletop	4
seed	4
blankets	4
decks	4
cheers	4
motor	4
potential	4
shifts	4
revolution	4
stock	4
scalp	4
graves	4
ranch	4
caves	4
hypnotism	4
brawl	4
theme	4
curl	4
nostrils	4
kid	4
centimeters	4
metaphors	4
elbow	4
lizards	4
performance	4
oversight	4
vegan	4
bears	4
Death	4
Celeste	4
discussions	4
politician	4
complexion	4
olives	4
concept	4
Volvo	4
horseshoe	4
sob	4
Ada	4
Mansion	4
slug	4
quilt	4
cane	4
cylinders	4
Rabbit	4
shield	4
jail	4
forty	4
tactics	4
Fran	4
Lady	4
toothpaste	4
health	4
flower	4
afghan	4
sunburn	4
classroom	4
desires	4
encore	4
Route	4
dismay	4
barren	4
flesh	4
Latin	4
explosions	4
Mode	4
tions	4
echoes	4
Christian	4
sandals	4
next	4
wagons	4
choir	4
influenza	4
shafts	4
cost	4
1	4
beret	4
STAIRWAY	4
ravens	4
BOX	4
strips	4
trace	4
poster	4
cycles	4
butterflies	4
gang	4
handwriting	4
worm	4
mailbox	4
dispenser	4
comments	4
tennis	4
prices	4
lectures	4
attribute	4
crystal	4
cylinder	4
teddy	4
interruptions	4
indifference	4
row	4
fingernail	4
media	4
writers	4
pillars	4
rings	4
pin	4
solicitude	4
pastels	4
canvas	4
centers	4
stranger	4
jets	4
residents	4
trials	4
press	4
crowds	4
gone	4
impulses	4
therapy	4
techniques	4
culvert	4
courts	4
friendship	4
teaching	4
full	4
brandy	4
crowbar	4
tips	4
rectangle	4
commotion	4
yoke	4
old	4
Chevrolet	4
failure	4
brothers	4
Green	4
plank	4
bananas	4
motions	4
plague	4
inches	4
gullies	4
empties	4
strawberries	4
mouths	4
speck	4
hoop	4
tickets	4
sedan	4
seal	4
puddle	4
revenge	4
enemies	4
kilometers	4
supernova	4
Sorry	4
ages	4
slide	4
tasks	4
minds	4
bend	4
residence	4
lightpods	4
cliffs	4
potatoes	4
off	4
masses	4
Coming	4
tulip	4
porthole	4
ours	4
fracture	4
bumping	4
Piss	4
ashes	4
crack	4
butter	4
glances	4
Coors	4
Rushmore	4
carrier	4
lotion	4
tubes	4
vultures	4
leukemia	4
ability	4
joints	4
customs	4
detectives	4
snack	4
laughing	4
stomachs	4
asteroid	4
geyser	4
puddles	4
parchment	4
forearms	4
tendrils	4
skirts	4
crackle	4
Mask	4
MACHINE	4
rupture	4
chart	4
grunt	4
load	4
harbor	4
blacktop	4
factor	4
confetti	4
carnations	4
tapestries	4
garlic	4
compounds	4
doughnuts	4
sadness	4
gates	4
orientation	4
Project	4
freshman	4
nine	4
froid	4
Song	4
Montana	4
proclamation	4
bookcase	4
despair	4
fuselage	4
familiarity	4
hurry	4
Weapon	4
request	4
rabbit	4
observations	4
transaction	4
doubt	4
mesh	4
stair	4
suggestions	4
Service	4
spur	4
spire	4
compressor	4
seas	4
empire	4
salad	4
underbrush	4
wish	4
College	4
lenses	4
grain	4
sins	4
surrender	4
fancies	4
fancy	4
privilege	4
threads	4
retching	4
biography	4
Association	4
shopping	4
fund	4
uprising	4
drill	4
sources	4
wit	4
Castle	4
creation	4
decline	4
rolls	4
pains	4
rear	4
poor	4
cliff	4
fantasies	4
protest	4
Head	4
wisdom	4
search	4
sensibility	4
responsibility	4
tavern	4
sample	4
opening	4
tributary	4
moss	4
Sector	4
embrace	4
Anne	4
twentieth	4
cries	4
Wing	4
greeting	4
winner	4
Development	4
HILL	4
Houston	4
credentials	4
TRUCK	4
madness	4
original	4
ghosts	4
pale	4
holidays	4
orchid	4
fountain	4
Jerry	4
natatorium	4
Boy	4
evenings	4
Gardens	4
sunporch	4
bakery	4
destruction	4
construction	4
cooker	4
potty	4
styles	4
chips	4
Paso	4
alcohol	4
processor	4
flute	4
matrix	4
corn	4
hats	4
Americans	4
auditorium	4
lightning	4
chatter	4
Firebird	4
biology	4
lamps	4
diet	4
trade	4
cone	4
chops	4
aunts	4
diploma	4
marshmallows	4
contraption	4
bathtub	4
barrels	4
opportunities	4
giggle	4
bonds	4
signature	4
flank	4
leaders	4
drizzle	4
duct	4
sunrise	4
energies	4
version	4
cones	4
gravel	4
trifle	4
division	4
smells	4
manners	4
Jean	4
president	4
launcher	4
studs	4
attic	4
lease	4
parrots	4
cereal	4
peas	4
Board	4
refusal	4
concert	4
elbows	4
Force	4
hugs	4
ad	4
racing	4
bursts	4
sides	4
turtles	4
kettle	4
basis	4
pedestal	4
smoking	4
fiber	4
majority	4
grade	4
cookies	4
parcel	4
headphones	4
radiance	4
variations	4
moonlight	4
paw	4
bricks	4
weaknesses	4
buds	4
holiday	4
pellets	4
vomit	4
bond	4
Corinthians	4
affirmation	4
guards	4
caretaker	4
crop	4
rejection	4
garb	4
rollers	4
soybeans	4
effects	4
concoction	4
tuxedo	4
billions	4
Testament	4
teacup	4
jeep	4
album	4
inn	4
tubing	4
gaslights	4
baboon	4
today	4
background	4
apology	4
repetitions	4
icon	4
relation	4
poverty	4
Dakota	4
paradise	4
earthquake	4
possibility	4
findings	4
grins	4
do	4
guests	4
eternal	4
foolishness	4
expletives	4
Key	4
tissue	4
mutterings	4
Rogers	4
beverage	4
stew	4
spectacle	4
files	4
frog	4
disorder	4
observation	4
eight	4
unsure	4
handrail	4
flask	4
reach	4
exception	4
VIEWSCREEN	4
coastline	4
population	4
killer	4
groom	4
planning	4
police	4
commission	4
misfortune	4
category	4
panties	4
Chase	4
Sweat	4
composition	4
Battle	4
protection	4
June	4
nightgown	4
challenge	4
salt	4
Buick	4
saliva	4
fourth	4
knocker	4
almonds	4
relief	4
mistress	4
enemy	4
links	4
calculator	4
boredom	4
cooler	4
fall	4
flock	4
grinder	4
colada	4
turquoise	4
shotguns	4
reputation	4
Pup	4
enthusiasm	4
categories	4
beast	4
frost	4
hearing	4
arrangement	4
workshop	4
rank	4
rockets	4
jockey	4
resistance	4
Control	4
villa	4
patrol	4
sigh	4
presents	4
studio	4
Toyota	4
clamp	4
prairie	4
Paradise	4
masters	4
pet	4
cow	4
choices	4
salesmen	4
4	4
instincts	4
Point	4
downtown	4
spectacles	4
atoms	4
tunnels	4
reliquary	4
chop	4
plaza	4
Agreement	4
argument	4
ivory	4
trolley	4
tricks	4
judgment	4
descent	4
robots	4
nozzle	4
Hands	4
ants	4
Works	4
loops	4
York	4
talking	4
mistake	4
bliss	4
Moose	4
kite	4
revelation	4
SOUND	4
knowing	4
lightbulbs	4
turban	4
schedule	4
dinosaurs	4
cops	4
outlook	4
killing	4
tags	4
demeanor	4
Harvard	4
oil	4
flicker	4
benefits	4
effort	4
same	4
runs	4
Dalmar	4
Device	4
reUgion	4
mornings	4
ankles	4
Ministry	4
minister	4
Systems	4
awards	3
conditions	3
worms	3
Frequency	3
chunk	3
Some	3
fissures	3
owners	3
jealousy	3
custom	3
grove	3
railroad	3
heater	3
suitcases	3
canvases	3
triangles	3
syrup	3
cocoon	3
Mary	3
union	3
bedchamber	3
shrink	3
march	3
Alexander	3
shrugs	3
interval	3
rumors	3
essence	3
slab	3
reference	3
apparatus	3
murmur	3
packs	3
Interstate	3
build	3
tenement	3
M	3
kindness	3
elections	3
shovel	3
cache	3
mitt	3
Theater	3
protests	3
perfection	3
speakers	3
bin	3
flap	3
DOORS	3
principle	3
proof	3
pebbles	3
ponytail	3
positions	3
Grace	3
Jew	3
Rouge	3
coins	3
tic	3
exit	3
gradations	3
dark	3
professor	3
digression	3
wait	3
rosebushes	3
gist	3
World	3
records	3
sauna	3
yards	3
frenzy	3
columns	3
clubs	3
Chapter	3
bubbles	3
were	3
joint	3
soldiers	3
mouthful	3
occasions	3
pigs	3
clip	3
stops	3
pens	3
hooves	3
terrace	3
shapes	3
cleaning	3
VCR	3
talks	3
silk	3
reading	3
establishment	3
nightmares	3
wits	3
edition	3
aura	3
compassion	3
appeal	3
weekend	3
strategy	3
interviews	3
Valley	3
research	3
degrees	3
onions	3
billfold	3
mill	3
jury	3
protector	3
galaxy	3
hundred	3
networks	3
introduction	3
kidnapping	3
contents	3
swamp	3
units	3
deafness	3
sincerity	3
telegram	3
codes	3
litter	3
ups	3
airplane	3
watercolors	3
oboe	3
adults	3
colossus	3
rail	3
scissors	3
borderland	3
trumpet	3
bandanna	3
beds	3
weights	3
sodas	3
California	3
labor	3
universities	3
copy	3
B	3
talons	3
goodbyes	3
stalls	3
hood	3
selection	3
ment	3
lining	3
hits	3
rehearsal	3
masks	3
screw	3
funding	3
hospice	3
toys	3
sum	3
causes	3
insights	3
elegance	3
institute	3
strand	3
marijuana	3
border	3
calls	3
curbs	3
moods	3
terrorism	3
presentation	3
bonfire	3
hiccups	3
retort	3
pancake	3
specimens	3
otherness	3
warren	3
encounters	3
seriousness	3
whip	3
pimple	3
aquarium	3
severity	3
eels	3
handful	3
editions	3
Journal	3
sneaker	3
adjectives	3
brows	3
hearth	3
chapters	3
cologne	3
lariat	3
array	3
feel	3
answers	3
instruments	3
confusion	3
trio	3
barge	3
realm	3
voyage	3
instances	3
villages	3
reeds	3
bombers	3
Jersey	3
good	3
motives	3
they	3
pencil	3
visions	3
ridges	3
dome	3
segment	3
crime	3
weapons	3
confirmation	3
virtue	3
rests	3
nonsense	3
bug	3
titles	3
cult	3
thirteen	3
beings	3
arthritis	3
aperture	3
discourse	3
agony	3
Order	3
Better	3
Jerusalem	3
lovemaking	3
Henderson	3
video	3
mastery	3
slot	3
aria	3
tolerance	3
brake	3
conflict	3
absence	3
gutter	3
vehicle	3
latter	3
miniskirt	3
oval	3
silences	3
tact	3
telescope	3
crisis	3
weakness	3
syndrome	3
satellites	3
north	3
sweatshirt	3
contracts	3
cocaine	3
pipes	3
broom	3
affection	3
placenta	3
circuit	3
feat	3
strands	3
postcard	3
aspect	3
prom	3
exposure	3
perimeter	3
patients	3
appreciation	3
abilities	3
share	3
PUDDLE	3
lists	3
dots	3
cities	3
cowboy	3
university	3
fuel	3
quilts	3
incidents	3
chip	3
centaur	3
gum	3
marsh	3
email	3
Bits	3
hometown	3
carpeting	3
hail	3
shove	3
theatre	3
republic	3
Buster	3
honeymoon	3
passions	3
rush	3
debate	3
bands	3
Training	3
churches	3
trunks	3
Eight	3
cellar	3
anticipation	3
mix	3
cinema	3
download	2
wand	2
charters	2
leverage	2
Labs-	2
coincidences	2
chair-	2
SURVIVAL	2
Lions	2
librarian	2
Earth	2
vampire	2
crest	2
berry	2
Gestapo	2
Mann	2
Telasa	2
spectra	2
Nebula	2
Venus	2
fridge	2
scratches	2
workbench	2
bouquet	2
smack	2
Pei	2
Fukuoka	2
warm	2
gym	2
occupation	2
nay	2
neurology	2
Pam	2
minuterie	2
yodas	2
etiquette	2
antenna	2
honorific	2
goblins	2
1860s	2
Rifle	2
dodecahedron	2
carboxyhemoglobin	2
nonviolence	2
batch	2
Marana	2
Corporations	2
campus	2
Albany	2
Greenmount	2
vial	2
songwood	2
5:30	2
Levi	2
jerky	2
earlobes	2
carrots	2
proverbs	2
leadership	2
fair	2
Earthed	2
retreat	2
Taz	2
Irriparacoxi	2
experimentation	2
striver	2
Detachment	2
CIA	2
conversationalist	2
RV	2
retriever	2
hardback	2
Buddhist	2
mat	2
Shuur	2
stub	2
sacks	2
holster	2
inlay	2
Salinas	2
arsonist	2
satisfaction	2
abdomen	2
delicacy	2
Command	2
sequins	2
renovations	2
objection	2
chemistry	2
Willows	2
thunderstorm	2
annulment	2
Interconnection	2
gulp	2
theaters	2
theology	2
infirmary	2
sole	2
Fortunes	2
ARE	2
muckin	2
scenes	2
brick	2
phenomena	2
IVs	2
Julia	2
Presbyterian	2
Hampshire	2
communicator	2
GMAT	2
unsnarled	2
poison	2
belongings	2
roofs	2
Alert	2
chondrites	2
metallurgy	2
conniving	2
Narnia	2
Magic	2
Phallus	2
wedding-	2
Culture	2
WEEKEND	2
burrs	2
Chicken	2
tte	2
pops	2
AWORTACC	2
medium	2
Tailoring	2
tablet	2
Corning	2
Falconer	2
fitness	2
feeder	2
hypercello	2
Agnes	2
peppers	2
individuals	2
furrier	2
Karan	2
Star	2
mandarins	2
sailors	2
Japanese	2
journeys	2
Quran	2
careful	2
Russell	2
diverges	2
Thanksgiving	2
sewers	2
pawns	2
stratosphere	2
Weyr	2
savings	2
shimmers	2
charity	2
graduation	2
frustration	2
kennel	2
hiccup	2
wheezing	2
physicality	2
blonde	2
Pocket	2
offshoot	2
breakup	2
swallowed	2
Mbuti	2
shears	2
asylum	2
coroner	2
Darcy	2
dissector	2
obituaries	2
driveways	2
doses	2
funds	2
tribes	2
unavailability	2
Depot	2
Mojave	2
jeweler	2
reservoir	2
fatalities	2
birthplace	2
massage	2
Harveysville	2
Keenan	2
judgments	2
tides	2
Seer	2
Bloom	2
mushroom	2
grease	2
brute	2
Soissons	2
scarlet	2
doing	2
Massacre	2
temperatures	2
spray	2
honkers	2
Avalon	2
warblers	2
Peregrine	2
beacons	2
traditions	2
Szabo	2
coathook	2
heaps	2
hairpiece	2
Cormac	2
Budweiser	2
Pavie	2
reviews	2
keypad	2
blondies	2
gathering	2
ool	2
globe	2
Greenland	2
Tlphonas	2
teapot	2
couches	2
Face	2
afternoons	2
Californienne	2
Auntie	2
eater	2
ravioli	2
visage	2
mangalsutra	2
silicosis	2
occurrence	2
houseboats	2
countertinkering	2
fig	2
mash	2
commonplace	2
BPC	2
administration	2
coverage	2
complex	2
Caf	2
dread	2
Sounds	2
telamones	2
Bendo	2
china	2
Missouri	2
gypsies	2
spyglass	2
coffeemaker	2
invalid	2
Polyclinic	2
Beata	2
Astor	2
blueberry	2
dig	2
medina	2
Attarine	2
humming	2
Astra	2
formulations	2
repeat	2
canons	2
comes	2
ziggurat	2
Motors	2
depressions	2
Zabil	2
sequels	2
Turkey	2
Samson	2
Kemosabe	2
barks	2
spits	2
sleepylooking	2
prescription	2
gob	2
La	2
roadblock	2
shrine	2
oracle	2
McDonald	2
cutworm	2
arsenal	2
streaming	2
watchdog	2
jam	2
smelling	2
loch	2
mortgage	2
Child	2
pianola	2
Painter	2
delight	2
breadbasket	2
follow	2
psychosis	2
Con	2
qallunaat	2
banger	2
Defier	2
Biggie	2
characterization	2
knuckle	2
natures	2
Field	2
sidewalks	2
Leroy	2
catalogue	2
devotion	2
postures	2
Taku	2
Sofya	2
marketplace	2
plows	2
stitch	2
resentments	2
Rome	2
socket	2
Osborne	2
Gaiza	2
league	2
filmmaking	2
Reflections	2
risers	2
Hoa	2
Yuko	2
cleavage	2
Mondays	2
Forks	2
awning	2
stoppers	2
autumn	2
Croce	2
raki	2
twice	2
Duffle	2
Chelsea	2
Marysville	2
Pacific	2
Western	2
Southern	2
Rebecca	2
desserts	2
sidesaddle	2
suspension	2
margin	2
Plus	2
rectangles	2
budgets	2
crane	2
copier	2
Raymond	2
Natalsky	2
Kipling	2
impersonator	2
Dance	2
Martine	2
scratching	2
Plain	2
Zohak	2
whorehouse	2
rhododendron	2
nightclubs	2
Guerrilla	2
hiker	2
geometries	2
PURPOSES	2
31	2
topics	2
overconfidence	2
Juan	2
camper	2
expertise	2
Nunatak	2
dung	2
Fiona	2
concrete	2
contrast	2
Drawing	2
Chanukah	2
pasa	2
fodder	2
Vista	2
cortex	2
bored	2
Thruway	2
spa	2
mark	2
Witness	2
likes	2
reticule	2
Tempa	2
privy	2
tampon	2
expectations	2
nits	2
Shelter	2
Quark	2
d	2
Gap	2
Laurie	2
marker	2
Viagra	2
ROUTE	2
Challenges	2
trope	2
ageism	2
shrub	2
voyeur	2
heroin	2
navy	2
twinkle	2
betrayal	2
hurricane	2
leaving	2
guard	2
villains	2
zone	2
Jeannie	2
average	2
LAUGHTER	2
diagram	2
fabric-	2
LIGHT	2
nurse	2
holoframe	2
ROD	2
Thing	2
fixture	2
POKER	2
SMOKE	2
notepad	2
Tattoo	2
clown	2
Munich	2
survey	2
configurations	2
currency	2
Cramers	2
crescent	2
tubeway	2
autopilot	2
disk	2
default	2
nanites	2
iMac	2
Galleria	2
terrier	2
nameMagdalena	2
pesticides	2
boycott	2
Spook	2
therapist	2
Aristocrats	2
Feiner	2
Bukco	2
developments	2
Kingsley	2
worth	2
Companies	2
overstimulation	2
accessibility	2
excretions	2
Nissa	2
compuvision	2
Caeradar	2
churchman	2
Clare	2
screensaver	2
Aigoo	2
Savage	2
microfilariae	2
Tapeworms	2
Platypuses	2
stunt	2
readout	2
executive	2
sculpture	2
gases	2
anewnovel	2
Laurelton	2
sneeze	2
Lemonade	2
bridgework	2
muon	2
grip	2
homestead	2
jellyfish	2
Length	2
Russia	2
staid	2
meters	2
interaction	2
Mustang	2
wolves	2
barbecue	2
Suite	2
decor	2
centerpiece	2
NTINA	2
Guinness	2
locusts	2
Anjali	2
ruby	2
ceremonies	2
Amy	2
Belka	2
drags	2
noodle	2
hives	2
Cambridge	2
miniatures	2
Meaning	2
hom	2
poppies	2
clocks	2
20	2
AVIARY	2
Fearful	2
violets	2
kidneys	2
plateau	2
juniper	2
Schicklgruber	2
range	2
heliotrope	2
slit	2
wipers	2
Nedlands	2
worry	2
Spain	2
Christians	2
Tubal	2
Jews	2
jest	2
carillon	2
Peace	2
slumming	2
Pill	2
scumber	2
shores	2
nests	2
twirling	2
helplessness	2
trickle	2
lengths	2
harbors	2
atchul	2
stripes	2
halpa	2
equality	2
Ovita	2
skins	2
inertia	2
transmitter	2
plantings	2
District	2
Cameo	2
Brotherhood	2
Confirming	2
drifts	2
pennants	2
sweeper	2
cactus	2
drama	2
Elmer	2
Trace	2
embarrassment	2
Kinko	2
Gary	2
frosting	2
albums	2
minnow	2
insomniacs	2
Soulmobile	2
prerogatives	2
squirrels	2
insight	2
free	2
uterus	2
passageway	2
stumps	2
brilliant	2
Venice	2
Marco	2
fires	2
cafes	2
girdle	2
eras	2
paralysis	2
timidity	2
trout	2
woodpile	2
Repton	2
paperwork	2
bells	2
votes	2
mycorum	2
clanks	2
mannequin	2
taxicab	2
Webster	2
Colorado	2
sidewalk	2
Adrienne	2
Greek	2
impairments	2
sherbet	2
afterthoughts	2
Repository	2
peat	2
swirlie	2
Clayton	2
curlicue	2
trust	2
bronze	2
chambers	2
sleepy	2
called	2
Nacional	2
firstborn	2
Exposition	2
Wooding	2
quarry	2
Colosseum	2
fiftycents	2
wake	2
racism	2
colleagues	2
nozzles	2
RPMs	2
kin	2
anole	2
condiments	2
Jeep	2
Savers	2
overhear	2
Soleil	2
receiver	2
Circumstances	2
colleague	2
Viper	2
Program	2
PLATTER	2
ZOOMS	2
VOLLEY	2
huggers	2
pirouette	2
3,000	2
got	2
dispensary	2
ray	2
gargoyle	2
bedpan	2
burger	2
Parade	2
tweaks	2
P306	2
prospect	2
carpenter	2
clipboard	2
Rover	2
cubes	2
skeptic	2
rowers	2
replication	2
Nina	2
Domingo	2
cove	2
effortless	2
BEFORE	2
STORE	2
local	2
diapers	2
signals	2
Ichiban	2
assign	2
flux	2
thatch	2
Albion	2
bats	2
mount	2
blob	2
Pluto	2
0.02	2
mechs	2
Shad	2
Olivier	2
cobs	2
graffness	2
Maryknoll	2
duffel	2
Middleboro	2
Main	2
singer	2
Team	2
InterPortation	2
godspam	2
Jilan	2
criminal	2
System	2
Amendment	2
Calendar	2
provocations	2
Raniya	2
sandstorms	2
Mill	2
hub	2
prayers	2
Scenes	2
springtime	2
herd	2
Uh	2
inflation	2
Syriac	2
instant	2
adds	2
spheres	2
demonstration	2
Wood	2
Polozny	2
chah	2
direct	2
bends	2
pullover	2
EDIFICATION	2
fontanelles	2
shiny	2
Chief	2
Bradley	2
Godspell	2
heights	2
polonaise	2
tap	2
hoar	2
Moses	2
nan	2
applications	2
NetSuite	2
sheeoot	2
explosive	2
breaks	2
supplies	2
Return	2
Speaking	2
custard	2
brambles	2
Section	2
folks	2
candy	2
decking	2
crutch	2
pancreas	2
ketones	2
diameter	2
ripple	2
rheostathere	2
incomprehension	2
dwellings	2
reversals	2
aegis	2
nomade	2
Ravel	2
shortness	2
drowsy	2
Absence	2
aids	2
Wake	2
pridefulness	2
Waban	2
waxing	2
Dog	2
primates	2
herfufu	2
harness	2
Fanta	2
wad	2
lorry	2
gondola	2
LLC	2
fee	2
Volume	2
saddle	2
accommodations	2
ken	2
tzedabab	2
squad	2
splitter	2
pinky	2
setting	2
Antarctica	2
Nada	2
frock	2
Fictions	2
sneakers	2
Medicine	2
kiosk	2
Hollow	2
x	2
specialisation	2
esky	2
fifth	2
headlight	2
manifest	2
dusting	2
pleasures	2
decisions	2
was	2
chainstore	2
sonogram	2
sideswipe	2
moustache	2
storefronts	2
Richemont	2
washer	2
counterpane	2
armband	2
inside	2
Niqipaq	2
intentions	2
Vision	2
honoree	2
Director	2
Outfit	2
Vip	2
Guinea	2
surfing	2
shoppers	2
trainers	2
Maryland	2
flu	2
Sydney	2
Special	2
myth	2
pawn	2
quims	2
Studies	2
Sunderer	2
layover	2
Daddy	2
880	2
Megha	2
Race	2
Jaguar	2
scooter	2
take	2
Westerners	2
Jerome	2
impulse	2
tributes	2
Tarsus	2
Sedan	2
obstruction	2
goes	2
D.U.I.	2
turns	2
FOOT	2
Soljak	2
classrooms	2
FRONT	2
ROOM	2
STAIRWELL	2
SCENT	2
RUBBISH	2
GRAPES	2
fork	2
Mrs	2
count	2
SANTA	2
PILLOW	2
GANESH	2
Montreal	2
farts	2
hurries	2
TRAP	2
anklet	2
Amitre	2
slings	2
brand	2
GMBH	2
Bunch	2
Gulch	2
floodlights	2
Feible	2
wise	2
Gloucester	2
draperies	2
trackball	2
certainty	2
beef	2
anniversary	2
bicycles	2
beloved	2
platitudes	2
Sensuality	2
zeal	2
Aubusson	2
Wanda	2
tragedy	2
guillotine	2
rifles	2
bevaegeiser	2
Tryghedsnarkomaner	2
clods	2
Damin	2
Store	2
phil	2
countenance	2
Hauptwache	2
urinating	2
Poole	2
Kinshaw	2
lice	2
mollusk	2
attractors	2
rink	2
Campbell	2
predators	2
Bachelor	2
Michael	2
bolls	2
mints	2
unhappiness	2
ferocity	2
Buddy	2
territory	2
coronets	2
scrotum	2
Camaro	2
underwater	2
pantsuit	2
prurience	2
tourism	2
Cabin	2
confessional	2
Chickering	2
sabbath	2
poultice	2
cob	2
trawler	2
Thermos	2
neither	2
wallows	2
prick	2
Myopia	2
polarities	2
perfect	2
Finn	2
gospel	2
bait	2
Dankden	2
Tyree	2
landmark	2
Gray	2
inhalation	2
Guam	2
blueberries	2
mugs	2
May	2
19	2
palms	2
airfoil	2
selfishness	2
sensation	2
ambiguity	2
microorganism	2
Malatasca	2
clerics	2
sons	2
limit	2
scan	2
NSF	2
burner	2
cleanup	2
stow	2
Meat	2
doorknob	2
inspiration	2
goal	2
McCord	2
monologue	2
slumps	2
Derry	2
genealogies	2
Fillingeri	2
tims	2
dinners	2
jumping	2
fibers	2
Weekend	2
Typical	2
grayness	2
ors	2
Alegro	2
ivy	2
antiques	2
angularity	2
symmetrical	2
bureau	2
Bugle	2
Ca'line	2
Oval	2
brownness	2
Rachel	2
legacy	2
errand	2
pension	2
prosecutor	2
amyl	2
favors	2
timers	2
kir	2
parttoe	2
Luftweiller	2
header	2
p175	2
Rosencrans	2
offers	2
cyst	2
omelettes	2
banana	2
Mining	2
medallions	2
Choteau	2
thanks	2
physician	2
penalties	2
Quarter	2
Nativity	2
chimes	2
nuts	2
wineglass	2
Florida	2
Tony	2
capabilities	2
Financial	2
ICBMs	2
Lost	2
p100	2
cock	2
VAN	2
POV	2
lever	2
awe	2
Cyberdelia	2
navigation	2
celebration	2
supports	2
bookshelf	2
BLOOD	2
FLAME	2
maw	2
SHIRT	2
monolith	2
ally	2
antiserum	2
respirator	2
winch	2
sibs	2
engineering	2
EPIRB	2
Foree	2
Prison	2
specks	2
neurosurgeon	2
1964	2
7:45	2
assistant	2
earpiece	2
wicked	2
Sarasota	2
diner	2
Giudecca	2
mules	2
odds	2
assholes	2
Showcase	2
pinstripe	2
Dominic	2
redhead	2
Suit	2
distractions	2
Algernon	2
monument	2
Atkins	2
dashboard	2
planetarium	2
Brown	2
kicking	2
setup	2
Count	2
Taloa	2
fiacha	2
FM	2
roundness	2
Llano	2
where	2
Evelyn	2
Norwegian	2
wraps	2
Flats	2
parasail	2
bridesmaids	2
folds	2
grackle	2
dozen	2
endings	2
Rae	2
punishment	2
Perhaps	2
rooftop	2
purple	2
processing	2
F2	2
videos	2
contractor	2
ignition	2
Guy	2
Philadelphia	2
grid	2
binders	2
ballrooms	2
farces	2
tendencies	2
pen	2
beater	2
parasite	2
flirty	2
secretary	2
rm	2
credit	2
suns	2
spawns	2
journalism	2
bulbs	2
snitch	2
zerog	2
palmtop	2
countrymen	2
patronymic	2
paints	2
Murray	2
grasses	2
mothers	2
opium	2
asks	2
furnace	2
typewriter	2
Irene	2
dumbstruck	2
Faces	2
Clorox	2
bludgeons	2
app	2
upgrade	2
victory	2
16	2
haU	2
stethoscope	2
lavender	2
aUens	2
calling	2
bisque	2
chute	2
ladle	2
shag	2
Gass	2
Franc	2
downspout	2
larvae	2
martyrdom	2
trowel	2
Segovia	2
chapel	2
Bilbao	2
Mure	2
dinghy	2
inhale	2
griddle	2
capillaries	2
Marriage	2
Cake	2
capitalization	2
abrupt	2
dildo	2
concepts	2
Pudong	2
indiscretion	2
grandchildren	2
Shield	2
pounded	2
fob	2
involvement	2
Corps	2
kites	2
comb	2
announcements	2
orderlies	2
wick	2
suicides	2
Navy	2
Annie	2
visuals	2
Beltway	2
A.M.	2
Lwenbrau	2
proceedings	2
Eritrea	2
Hiding	2
passport	2
blame	2
desks	2
lifestyle	2
Acts	2
cool	2
Cayce	2
pals	2
sake	2
violin	2
kweez	2
soyuzoid	2
Pharm	2
sensor	2
Yngrol	2
Sasani	2
lifespan	2
Lander	2
cockpit	2
investments	2
Engine	2
warnings	2
partnerships	2
Asusagna	2
restroom	2
End	2
spinner	2
artwork	2
Iliad	2
surgeons	2
rover	2
cloaks	2
Laika	2
buck	2
delirium	2
baidarka	2
switcher	2
dupatta	2
Janelle	2
Place	2
patriotism	2
obligation	2
forgery	2
Horses	2
Cruz	2
sensual	2
Wiggy	2
stupidity	2
Nido	2
bound	2
Druchank	2
Noises	2
flipper	2
artifact	2
buffalo	2
Rises	2
Railway	2
capitalist	2
footage	2
admonition	2
waldos	2
Pernod	2
postmidnight	2
subs	2
119.28	2
profit	2
duplicates	2
Philippines	2
7th	2
bayonet	2
Consequences	2
PRIVILEGE	2
buns	2
Tom	2
smoothie	2
Aisle	2
subroutine	2
molecules	2
Pain	2
Waterworks	2
trajectory	2
clamps	2
Baths	2
hull	2
agility	2
AMa	2
cheongsams	2
livid	2
rotund	2
tenses	2
antics	2
haircut	2
bites	2
receipt	2
Nay	2
Yanbaru	2
opposition	2
Consumption	2
Buddhism	2
Town	2
amendment	2
crash	2
Sakolsky	2
herds	2
Fred	2
overcooked	2
entities	2
campur	2
Burnouts	2
scuppernong	2
assassinations	2
Kamdu	2
Eet	2
possibilities	2
offense	2
freckling	2
topic	2
mean	2
1993	2
ghost	2
soccer	2
Wednesday	2
safeties	2
Salvation	2
noon	2
shutters	2
decay	2
Sport	2
skater	2
Thumb	2
bandit	2
gauze	2
electricity	2
detergent	2
drawl	2
yarmulke	2
daar	2
penises	2
elegies	2
sloshing	2
intuition	2
150	2
struggle	2
turpentine	2
infusion	2
compartments	2
Bread	2
Vietnamese	2
partition	2
shaped	2
Peter	2
trend	2
earphones	2
pectoris	2
posts	2
mascara	2
going	2
Bauhaus	2
Bailn	2
Francisco	2
Douglas	2
jags	2
Schuylkill	2
Semites	2
Ecco	2
Szmura	2
Bobgan	2
gags	2
wax	2
mousetrap	2
boater	2
levers	2
bathrobe	2
sessions	2
Beethoven	2
Vesuvius	2
rattlesnake	2
halo	2
undershirts	2
Padua	2
Lili	2
stutter	2
paterzem	2
mediators	2
2-in-1	2
Crusoe	2
midst	2
Table	2
Arboles	2
arrhythmia	2
puberty	2
chocolate	2
tons	2
chivalry	2
Culiacn	2
Mitford	2
shapings	2
workshops	2
comet	2
could	2
grinned	2
sociopath	2
broadsheet	2
fanatics	2
Hemlock	2
troops	2
Coelophysis	2
haunches	2
Poe	2
Alley	2
bohemia	2
roam	2
Yeah	2
Hunt	2
Amber	2
Contraband	2
hornets	2
Bethphage	2
blaring	2
psychology	2
strengths	2
pelvis	2
hierarchy	2
jumble	2
wrappers	2
platters	2
Buckman	2
TALON	2
BLAST	2
chronograph	2
coos	2
UNIT	2
FLOWERS	2
TUBES	2
VAT	2
STICK	2
RIG	2
Asshole	2
cellphone	2
PIANO	2
rooster	2
BULL	2
buttock	2
crust	2
lamb	2
POSTCARD	2
hop	2
sliding	2
Spear	2
mankind	2
regions	2
deVille	2
CLOCK	2
SIDE	2
toothbrush	2
SHIT	2
shelter	2
loam	2
carbon	2
rhampa	2
rubles	2
missiles	2
Herbie	2
photographer	2
homburg	2
Lang	2
armpit	2
paperweight	2
aerobics	2
dieting	2
showers	2
quart	2
mignon	2
sonnets	2
ploy	2
versions	2
lucille	2
throws	2
Pavilion	2
shootin	2
Wednesdays	2
scones	2
elixirs	2
shrill	2
gusts	2
Soledad	2
hairpin	2
lime	2
Ghaziabad	2
Stomps	2
obsessions	2
Cathedral	2
billion	2
grams	2
Insurance	2
graph	2
roles	2
cornfield	2
quahogs	2
backdrop	2
wrapping	2
truss	2
oversoul	2
knocking	2
elatius	2
county	2
strings	2
Holly	2
swords	2
declaration	2
heterosexuals	2
sings	2
Lou	2
Cristoforo	2
bulkheads	2
twister	2
Mari	2
trait	2
Snake	2
toss	2
grasshoppers	2
faucet	2
espadrilles	2
electric	2
stake	2
taboret	2
cuff	2
Krantzes	2
laboratory	2
daydreams	2
A.A.	2
dimples	2
conditioner	2
detention	2
65o	2
laxative	2
orangemusks	2
Savants	2
Claude	2
commentaries	2
mallets	2
eccentricity	2
chimneys	2
duel	2
grrrsssst	2
Federation	2
County	2
sir	2
amusement	2
medicaments	2
Chesapeake	2
discrepancies	2
sentiments	2
hatching	2
meshing	2
Imagists	2
continuity	2
disks	2
reforms	2
metals	2
toilette	2
gleam	2
pushcarts	2
pigeons	2
perearinus	2
APU	2
Truth	2
Belt	2
pheromones	2
visitor	2
familiar	2
deals	2
starlets	2
brink	2
anchor	2
mesas	2
mandolin	2
recalcitrance	2
glowstrips	2
jitters	2
Chambers	2
theft	2
Rihani	2
handlink	2
ruin	2
twilight	2
Aeylin	2
Spirit	2
settle	2
jaws	2
pyramids	2
update	2
potato	2
miserable	2
requirements	2
parfleches	2
know	2
Sohlberg	2
Ibsen	2
Kalevala	2
mosquitoes	2
Temptation	2
schooling	2
ports	2
captain	2
cargoes	2
bark	2
pleading	2
narration	2
Ferdinand	2
p95	2
incorruptibility	2
arrangements	2
treeline	2
bottoms	2
siren	2
stench	2
sexuality	2
jumpy	2
amoebas	2
ram	2
Terror	2
p154	2
endorsement	2
perusal	2
manifestation	2
stands	2
Rockefella	2
synergy	2
congruency	2
Artus	2
glyphs	2
tanks	2
beneficiary	2
splendor	2
Light	2
TORPEDOS	2
CRATES	2
Brancusi	2
BRIDGE	2
CAR	2
PLACARD	2
ENVELOPE	2
armory	2
LANCE	2
canary	2
encouragement	2
speedboat	2
DOG	2
briefcases	2
bookcases	2
HORSE	2
barricades	2
vaguely	2
HOARDING	2
GUIDE	2
Officer	2
conk	2
OFF	2
combinations	2
KITCHEN	2
gaffe	2
OPEN	2
stretching	2
hogan	2
n'abaheh	2
dormitory	2
motivations	2
humanity	2
Power	2
Baptist	2
Poland	2
Fellowship	2
Heaven	2
ices	2
Staff	2
regolith	2
Transport	2
Solar	2
Ceti	2
Sorrel-130	2
schemes	2
looking	2
Rodrigues	2
Felix	2
Goral	2
smoker	2
L	2
Christina	2
Diligent	2
Mature	2
earnest	2
utterance	2
1980s	2
enigma	2
revolt	2
Faqzwaal	2
clues	2
dermatologist	2
Heavy	2
protocols	2
Doctor	2
notions	2
cults	2
eyeglasses	2
China	2
Nearside	2
enzymes	2
DePaul	2
Mona	2
swarm	2
underworld	2
Industries	2
Maggie	2
Pancho	2
MOOD	2
losers	2
junk	2
troubles	2
pedal	2
Butte	2
rituals	2
justice	2
jogging	2
cavities	2
NYTBR	2
Railroad	2
wristcom	2
bout	2
A.	2
Associates	2
formaldehyde	2
dropping	2
agents	2
Wind	2
crossbeam	2
mutation	2
Fits	2
Liadhe	2
coed	2
Saritaka	2
veterinarian	2
Takoda	2
Zois	2
labyrinth	2
development	2
backside	2
grapefruit	2
compositions	2
specialist	2
SPCA	2
shma'teh	2
hermitage	2
invitations	2
Cage	2
meanings	2
Kotya	2
cocky	2
20/200	2
premise	2
milkbar	2
antennas	2
principles	2
arayn	2
competitor	2
kabuki	2
democracy	2
patois	2
caste	2
Feast	2
intruders	2
Saturday	2
Puritans	2
physical	2
inevitable	2
Summons	2
Axelrod	2
throbbing	2
cigarillos	2
diving	2
John	2
stall	2
no	2
forge	2
beehives	2
towline	2
Guerrero	2
beak	2
hello	2
Messaging	2
yearbook	2
inflections	2
Gabriel	2
iq	2
cummerbund	2
ranting	2
falls	2
ladies	2
mussels	2
past	2
rustling	2
owner	2
sheathing	2
Jacques	2
syringes	2
Wilson	2
League	2
Lexus	2
sociology	2
had	2
snoring	2
hospitals	2
pager	2
pheasant	2
404th	2
Span	2
magnet	2
binder	2
revelations	2
coffer	2
hamlet	2
lunchroom	2
Pamela	2
Arnold	2
niche	2
appliances	2
walkway	2
suddenness	2
drawers	2
spiel	2
skates	2
swastika	2
fairway	2
coma	2
smattering	2
dick	2
older	2
Andrew	2
repair	2
bargain	2
dishtowels	2
Falcon	2
initials	2
hacienda	2
screeches	2
hemlock	2
flourish	2
Emporia	2
survivor	2
theworst	2
Madeline	2
modernizing	2
tracers	2
comic	2
heap	2
decorations	2
deathblow	2
squadrons	2
Amish	2
horseman	2
McAn	2
Newark	2
Congress	2
Zale	2
Enwright	2
Clover	2
pathologist	2
generators	2
concussion	2
Casita	2
transcript	2
gallows	2
BARN	2
likenesses	2
straddles	2
Guess	2
identification	2
kilos	2
Vasilio	2
vernacular	2
Materials	2
L'orange	2
flashcard	2
bounce	2
deficiencies	2
vanilla	2
responsibilities	2
coda	2
contact	2
nods	2
hollow	2
elixir	2
Vessels	2
manes	2
TELES	2
Saga	2
Dreams	2
glazing	2
crimson	2
Dad	2
clue	2
Primanproper	2
pinafore	2
dai	2
thoroughbreds	2
humidor	2
maverick	2
offspring	2
reader	2
invaders	2
aircraft	2
printouts	2
albumin	2
totter	2
azalea	2
forefinger	2
copies	2
spars	2
gem	2
minimum	2
screenplay	2
buff	2
wince	2
wok	2
chronometer	2
anthocyanin	2
expansion	2
Borde	2
skinsuit	2
Proteus	2
eyed	2
Soul	2
ninety	2
creepy	2
lingo	2
Ship	2
wetland	2
pod	2
alignment	2
understanding	2
wrists	2
flashes	2
Gina	2
pauses	2
Gallery	2
Joshua	2
cranes	2
guesthouse	2
nourishment	2
admission	2
scurvy	2
windowframe	2
smear	2
Jones	2
Compact	2
Roy	2
Microbes	2
reduction	2
stockings	2
Affiliation	2
railway	2
knives	2
footpath	2
concentration	2
Ages	2
motherhood	2
crab	2
Sleeper	2
utensils	2
formula	2
mermaids	2
disappointment	2
chador	2
chives	2
moors	2
Triste	2
ache	2
tirade	2
citations	2
mantle	2
clapper	2
elephants	2
gave	2
prevention	2
Synagogue	2
veteran	2
clang	2
rehab	2
dying	2
absolutes	2
turnoffs	2
warning	2
advertisements	2
fryer	2
accounts	2
nursing	2
exhaustion	2
solutions	2
aesthetic	2
pulley	2
Family	2
ringing	2
Great	2
meanness	2
Common	2
eyelashes	2
Sara	2
lesbian	2
briefing	2
headrest	2
zoo	2
Dildo	2
chaw	2
sober	2
limb	2
Hausa	2
yata	2
appetites	2
sock	2
bote	2
Hector	2
bleeding	2
stud	2
din	2
sunspots	2
rulers	2
dreamy	2
whistles	2
virginity	2
format	2
virgin	2
creativity	2
feint	2
Haw	2
uuurp	2
Rye	2
divorcees	2
soldier	2
WOODS	2
lakes	2
apokrifs	2
snowflakes	2
Hapgood	2
pint	2
coverlet	2
newness	2
lamplight	2
bounds	2
depths	2
Algeria	2
kohl	2
comedy	2
paycheck	2
1,500	2
journalistic	2
tractor	2
Grillon	2
milder	2
Peggotty	2
sixteen	2
jewel	2
clan	2
resume	2
Albuquerque	2
Fork	2
Waugh	2
grief	2
goods	2
wigwam	2
hint	2
Old	2
pies	2
loaf	2
fleece	2
thicket	2
grit	2
whiff	2
espresso	2
insane	2
Miniver	2
steaks	2
crib	2
Z	2
collapses	2
CHUNK	2
712	2
BOULDER	2
ROCK	2
hold	2
crossing	2
SNOWSHAKER	2
waltz	2
CHOPPER	2
OVER	2
Russian	2
Ocean	2
post	2
HAND	2
ghetto	2
piles	2
gash	2
feeds	2
pulleys	2
canines	2
static	2
Maru	2
Captain	2
STEPS	2
EYES	2
HOOK	2
FIST	2
hatbox	2
owl	2
HELICOPTER	2
AUDREY	2
pathway	2
srip	2
Alain	2
allegations	2
COUNTER	2
Forrester	2
blazer	2
duvet	2
sclera	2
authors	2
autoclave	2
PW	2
taller	2
sires	2
speeder	2
so	2
vertebrae	2
Everyone	2
quip	2
Elbe	2
garbage	2
patina	2
boneware	2
IRT	2
orchestra	2
Storm	2
thrashing	2
lobe	2
bedspread	2
Harbor	2
Electric	2
6	2
odyssey	2
hotels	2
petticoats	2
presidencies	2
qualem	2
teammates	2
Agents	2
inheritance	2
networking	2
's	2
bandboxes	2
intrusion	2
Escorts	2
Warrior	2
major	2
McIntyre	2
obelisk	2
Believe	2
bouillabaisse	2
sh	2
grandiosity	2
Grande	2
mom	2
Ann	2
indecency	2
Tara	2
camo	2
B.K.	2
Falls	2
forkfuls	2
Holdings	2
Toro	2
bizarre	2
hex	2
microchips	2
407-R	2
Collection	2
trains	2
Plumber	2
floods	2
auras	2
ranger	2
Clearing	2
Arch	2
Hannah	2
Ellina	2
pins	2
culprit	2
Torres	2
defense	2
dictator	2
hardwood	2
leak	2
topknot	2
conflagration	2
cabrodine	2
hemorrhage	2
ignorance	2
Nick	2
assignments	2
Drake	2
designer	2
Ridge	2
Druid	2
zinging	2
asthma	2
vanity	2
woodlands	2
Sundays	2
crute	2
silent	2
Magnum	2
cappuccino	2
Philatelist	2
smuggling	2
Peking	2
jowly	2
Prediction	2
hatchings	2
calculations	2
box-	2
well	2
tantrums	2
conversion	2
TB	2
molecule	2
Clouseau	2
paragraph	2
Carwyn	2
thermals	2
ceUing	2
assertion	2
beggin	2
brainworm	2
measures	2
dude	2
cooking	2
flats	2
WEBSITE	2
raisins	2
model	2
emptiness	2
Chilusky	2
Carney	2
trauma	2
mosey	2
Post	2
whisper	2
guest	2
cells	2
Aleyd	2
fleet	2
Lamarr	2
lunacy	2
Honor	2
populace	2
Leo	2
induction	2
8	2
mannerisms	2
roomful	2
yuan	2
O'Briant	2
bazaar	2
phantoms	2
Bookstore	2
excuses	2
exotic	2
Salamander	2
chameleon	2
eventuality	2
realisation	2
bust	2
yarn	2
dom	2
infraction	2
Stairway	2
Antares	2
climb	2
Fells	2
Tabernacle	2
income	2
lids	2
eighty	2
crawler	2
Natan	2
Tal	2
shin	2
critique	2
sentience	2
sleepovers	2
hypothesis	2
Focus	2
Graves	2
Playboy	2
Datlow	2
ribbons	2
generosity	2
bugs	2
temper	2
Brookline	2
symposium	2
seminar	2
Yomigo	2
mountainside	2
Bel	2
making	2
aloof	2
Pit	2
granite	2
Shawna	2
launchers	2
July	2
stinger	2
hyro	2
dimension	2
fiddle	2
Commonwealth	2
whales	2
whole	2
prows	2
gentlemen	2
skeleton	2
fortresses	2
considerations	2
pools	2
dating	2
whiny	2
Wismar	2
estuary	2
1960s	2
Revolution	2
healing	2
acid	2
adulItery	2
pink	2
porcelain	2
footstool	2
Fashioned	2
vanes	2
resort	2
footbridges	2
scoops	2
apartheid	2
bungalow	2
shore	2
stiles	2
Arga	2
interpretations	2
misinterpretations	2
blindness	2
Probers	2
eloquence	2
231	2
climate	2
mante	2
materialism	2
Lump	2
empiricism	2
Arts	2
restrictions	2
constructions	2
fetishization	2
devil	2
menistration	2
Yonkers	2
unity	2
imprimatur	2
apartments	2
tails	2
39	2
East	2
soles	2
roadster	2
clove	2
pumper	2
South	2
makes	2
draining	2
Atom	2
midsection	2
Horizon	2
dreamt	2
dotage	2
thumbs	2
J.J.	2
sights	2
Parrish	2
sealskins	2
Hebrides	2
Azores	2
acceptance	2
giant	2
dazes	2
hanging	2
Plymouth	2
Sheep	2
beggars	2
tranquilizers	2
genuis	2
dues	2
Cara	2
Maul	2
denouement	2
onion	2
blight	2
pill	2
Land	2
splotches	2
streetlights	2
weddings	2
increase	2
McKenney	2
breakdown	2
Look	2
dictionaries	2
conscience	2
spelling	2
10	2
Persephone	2
farblondjet	2
Stardust	2
butler	2
weyr	2
upheaval	2
Crafthall	2
parasites	2
Coruscant	2
tabloids	2
Cups	2
morons	2
recital	2
warbler	2
transport	2
urine	2
barter	2
equation	2
isolation	2
testimony	2
Tarrant	2
fro	2
policies	2
Tunnel	2
moccasins	2
antagonist	2
values	2
dross	2
Laudanum	2
quintessence	2
doxopoeus	2
tincture	2
basilisks	2
Heliotropium	2
correspondence	2
synonym	2
METALS	2
corrosion	2
Isle	2
Stone	2
divulgations	2
bee	2
rabies	2
mounts	2
toad	2
mule	2
Sol	2
catarrh	2
influences	2
comets	2
ascendancy	2
cipitate	2
Isacaaron	2
excretion	2
fragia	2
Thistle	2
diarrhoea	2
blackbirds	2
elocution	2
formulae	2
magicians	2
victims	2
General	2
triangle	2
moth	2
Ladder	2
verdict	2
Egypt	2
Greyhorse	2
maneuver	2
sporran	2
pull	2
nachos	2
hangover	2
Glad	2
mace	2
evil	2
Murlug	2
tires	2
Bukko	2
Selections	2
simulation	2
warble	2
ax	2
ancestry	2
VIII	2
clarity	2
potencies	2
flatness	2
recreation	2
Quartier	2
devious	2
speechless	2
entryway	2
destroyer	2
SAC	2
interlocks	2
offsets	2
bombs	2
bomber	2
Jobber	2
ascent	2
introit	2
potency	2
vote	2
George	2
bodice	2
p114	2
glee	2
swim	2
Unable	2
appetite	2
babysitter	2
shake	2
Examination	2
modifications	2
maneuvering	2
holding	2
statements	2
installations	2
Senate	2
ER	2
footprints	2
fill	2
BOOK	2
technique	2
Bart	2
tee	2
Crowd	2
forklift	2
Knoll	2
respiration	2
Subaru	2
JET	2
WAVE	2
SHOTS	2
Pinto	2
cannister	2
PYTHON	2
Eyes	2
abutment	2
spike	2
Shepherd	2
terminator	2
thoroughfare	2
mechanics	2
nicotine	2
346	2
classification	2
quicken	2
snout	2
barbs	2
farlie	2
generations	2
Me	2
drums	2
Philosophy	2
Fish	2
hysteria	2
Prince	2
Playmate	2
strikes	2
terminology	2
Cakovecza	2
frogs	2
mosquito	2
Circus	2
Raha	2
Mudlavia	2
skulls	2
such	2
facilities	2
blooms	2
Mists	2
baseline	2
dimatough	2
competition	2
lungs	2
footlocker	2
maid	2
Korean	2
coordinator	2
commissioner	2
locations	2
Ceres	2
Nucleon	2
Crocus	2
Murph	2
lapse	2
Approval	2
beating	2
limitations	2
ensemble	2
archives	2
charms	2
diabetes	2
Spectre	2
recitation	2
W	2
chord	2
Committee	2
horrors	2
Couriers	2
Medoc	2
sarcasm	2
handlers	2
workpack	2
Jokulsargljufur	2
jokulhlaup	2
Herthubreith	2
Monday	2
hammock	2
repose	2
stopover	2
retelling	2
bobbing	2
channels	2
ation	2
Dailus	2
hacking	2
Asiatic	2
pus	2
properties	2
resident	2
bot	2
bid	2
Life	2
TNTBRs	2
fox	2
hyperextension	2
connoisseur	2
sixties	2
remote	2
Mittleuropa	2
spinet	2
bass	2
fright	2
storekeeper	2
Tuberose	2
fiddler	2
trophies	2
penitent	2
defection	2
French	2
thrill	2
scripts	2
Ujezd	2
Analysis	2
disasters	2
wrath	2
striptease	2
Remains	2
scowl	2
Luxembourg	2
slightest	2
Occupation	2
Leipzig	2
Chopin	2
nationalism	2
ovation	2
Roussatre	2
Carol	2
Axis	2
wheat	2
heiress	2
cardboard	2
Tanta	2
charges	2
curves	2
saver	2
Platinum	2
canyon	2
goitre	2
colours	2
scarab	2
crevasse	2
Ill	2
Menschheit	2
Palace	2
hearings	2
Viceroy	2
Many	2
demonstrations	2
length	2
optimism	2
Above	2
nuff	2
piers	2
vestibule	2
armaments	2
YMCA	2
screenings	2
Pyramids	2
tripod	2
tourists	2
alts	2
Stalin	2
illegals	2
gigs	2
Mechs	2
messenger	2
Nakaguma	2
travelers	2
murders	2
Bar	2
UHF	2
wishes	2
newsletter	2
hypoglycemia	2
stubbornness	2
scopes	2
Yo	2
Cancers	2
thru	2
newsstands	2
Louis	2
impeachment	2
scapulars	2
folder	2
shoelaces	2
razor	2
castles	2
engines	2
nomination	2
Honey	2
J.M.J.	2
gray	2
predisposition	2
Ring	2
tankard	2
tops	2
kiwi	2
Erica	2
arts	2
applauds	2
Feds	2
CREEPER	2
mainframe	2
glaciation	2
helicopters	2
APPEARS	2
ranite	2
valves	2
SCREEN	2
CANE	2
MASK	2
BODIES	2
ESCALATOR	2
BAGS	2
GUN	2
heaven	2
inhaler	2
dosage	2
flashback	2
Crisis	2
quotidian	2
Godhead	2
Master	2
Conception	2
Sangraal	2
knight	2
Grail	2
lineage	2
Karlshamn	2
Calcutta	2
Rules	2
Bombings	2
Pangaea	2
Di	2
Vivienne	2
Frankenstein	2
denims	2
sprinkles	2
schist	2
menace	2
@	2
Breath	2
tool	2
rulm	2
astronomers	2
pets	2
Vandyke	2
Dynasty	2
bite	2
paralegal	2
pee	2
quicksap	2
Earnest	2
sanctum	2
anemic	2
shan	2
tights	2
excesses	2
soundstage	2
coyote	2
greenery	2
surge	2
breezes	2
marathon	2
rot	2
wishbone	2
tenth	2
tuft	2
purgatory	2
haggling	2
Hell	2
sensorium	2
pronto	2
Oculites	2
starcraft	2
mathematician	2
rockslide	2
Atlantis	2
WINT	2
Aanakwad	2
Springfield	2
Thanks	2
Hudson	2
blanc	2
dalliance	2
newsprint	2
aim	2
Eunice	2
sag	2
teachings	2
Danny	2
tackle	2
sunset	2
Danube	2
forecasts	2
RCMP	2
precedent	2
institutes	2
Italian	2
dominos	2
Ingolstadt	2
Unbound	2
Vindication	2
sundials	2
kilograms	2
agreeing	2
ginger	2
pulpit	2
Wheelman	2
admiration	2
attempts	2
Gehenna	2
moving	2
slaughterhouse	2
Bravura	2
Bianca	2
quota	2
Solitude	2
highlands	2
impression	2
humors	2
takeover	2
outside	2
dealership	2
Sports	2
yours	2
stilts	2
academy	2
Incision	2
canvasbacks	2
maladies	2
SCOUT	2
Franco	2
Gun	2
finish	2
anxiety	2
administrator	2
options	2
stoves	2
injury	2
tournaments	2
turtle	2
shades	2
Takini	2
kkau	2
backboards	2
chapattis	2
Flames	2
Cloud	2
drug	2
Jaegermeister	2
ostriches	2
tarbouche	2
infection	2
fairs	2
Man	2
pastor	2
Beatrice	2
fentre	2
filles	2
cinderblocks	2
Commandments	2
guild	2
Italy	2
aspirin	2
cheer	2
pussy	2
slacks	2
rupees	2
anexpression	2
Packard	2
Beauty	2
cheerful	2
coloring	2
candidates	2
KGB	2
doorbell	2
trigger	2
infirmity	2
Gold	2
creeps	2
arrivals	2
drifter	2
Gathering	2
Mullins	2
Episcopal	2
Schein	2
Administration	2
Fiber	2
Saratoga	2
Raton	2
Will	2
rearranging	2
calculation	2
scrapper	2
shredder	2
Tombs	2
chitchat	2
manifold	2
scandal	2
forager	2
ACP	2
Mountains	2
sierras	2
runway	2
Carefully	2
vows	2
Mujahadin	2
blinds	2
samples	2
BOOTH	2
airliner	2
Colombia	2
empanada	2
DUSTER	2
sprawls	2
GOLD	2
CLUB	2
RING	2
stump	2
GLOW	2
lenes	2
airbags	2
surroundings	2
cleat	2
D	2
STREAM	2
WATERFALL	2
LIGHTS	2
METAL	2
kaftan	2
Calvinism	2
pas	2
Negro	2
buoy	2
menthe	2
chipmunk	2
expats	2
vaster	2
Korga	2
interruption	2
Oxfords	2
saucer	2
wigs	2
daylight	2
GPU	2
gills	2
prolactin	2
Martinique	2
Confirmation	2
protoplasm	2
sleds	2
Pop	2
eighteen	2
obsession	2
Kangala	2
consulate	2
motifs	2
evolves	2
rigging	2
humps	2
brace	2
Placita	2
zero	2
gadki	2
kittens	2
ultimata	2
Havarti	2
Capitol	2
parody	2
fern	2
Bloorieh	2
pistachio	2
rent	2
PM	2
actuality	2
voile	2
grits	2
grce	2
claim	2
homme	2
Haraway	2
auf	2
antithesis	2
twist	2
drinking	2
ticks	2
Scout	2
stewing	2
Rosehill	2
Mitchell	2
Reine	2
punctuality	2
Martin	2
Myokymia	2
sketches	2
Affliction	2
11	2
fragments	2
repetition	2
guides	2
multiple	2
Martha	2
spring	2
Passage	2
speaking	2
haste	2
nunchaku	2
has	2
troupe	2
daikon	2
mattresses	2
Ghent	2
tire	2
Brussels	2
hoot	2
rand	2
flavors	2
Guild	2
Provincetown	2
Meal	2
kernels	2
Tawi	2
enclosure	2
pati	2
poignancy	2
Bushbaum	2
Petersborough	2
shrubbery	2
guacal	2
refuge	2
deadlines	2
highchair	2
Mobile	2
Ditch	2
bone	2
keenness	2
moneys	2
Facilities	2
percentage	2
mankiller	2
smarter	2
scorpion	2
timeline	2
filaments	2
goblet	2
silkie	2
poutiness	2
lass	2
dum	2
lecture	2
scrape	2
snort	2
Mercantile	2
Jessie	2
johnboat	2
stalemate	2
incommensurability	2
callers	2
butte	2
slum	2
protagonist	2
hubbub	2
Canal	2
harshness	2
okays	2
Front	2
shortwave	2
daisies	2
blueprints	2
syllables	2
importance	2
replacement	2
clubhouses	2
hito	2
Florence	2
Adornment	2
placard	2
salaries	2
Folly	2
delicacies	2
North	2
skies	2
Bybanks	2
Apotheosis	2
Aviv	2
Tur	2
husks	2
tunes	2
stuffiness	2
embroidery	2
monk	2
noodles	2
noisy	2
Archy	2
frown	2
lettering	2
sledgehammer	2
hoops	2
spider	2
foreground	2
Break	2
angels	2
Sheraton	2
pancakes	2
hag	2
partial	2
salon	2
prying	2
Yes	2
chef	2
Aire	2
ducks	2
RINGS	2
viruses	2
sentry	2
TOMBSTONE	2
FLOOR	2
Trouble	2
circulation	2
flyover	2
sheaf	2
Seagrave	2
sports	2
tarpaulin	2
detritus	2
Feelings	2
radiator	2
croak	2
frescoes	2
rubble	2
THIMBLE	2
disc	2
fireball	2
prowler	2
handcuffs	2
security	2
SCULPTURE	2
SCREAMING	2
Beast	2
ONE	2
thermostat	2
SPOTLIGHT	2
TILE	2
HOUSE	2
onset	2
gin	2
shingles	2
sands	2
Realm	2
laments	2
spies	2
bearers	2
quotes	2
buffaloed	2
states	2
driver	2
apalura	2
sisterhood	2
postman	2
Spring	2
unsuitability	2
intelligibility	2
disappointments	2
Starting	2
600	2
shanty	2
vases	2
flaps	2
consequence	2
executor	2
preludes	2
Bedlam	2
Feyerbend	2
refinement	2
Hasselblad	2
crafts	2
Midwest	2
yourself	2
prizes	2
maidenhead	2
Ankara	2
priestesses	2
atomies	2
customer	2
cadre	2
vans	2
moans	2
explanations	2
flagpoles	2
ambergris	2
Elvia	2
Eclipse	2
footsteps	2
hairdo	2
treatise	2
fudge	2
.45	2
tikkun	2
connections	2
patriarchy	2
incest	2
liberation	2
artifacts	2
entitlement	2
cacophony	2
labels	2
Beersheba	2
EXTERNALLY	2
Destry	2
Whitman	2
necktie	2
cues	2
conferences	2
learned	2
halls	2
weaves	2
Variations	2
Luck	2
greens	2
valise	2
evergreens	2
medals	2
chauvinism	2
kissing	2
carotid	2
Yorker	2
46	2
granule	2
warming	2
solvent	2
probability	2
toaster	2
fragrances	2
intubation	2
thermos	2
fireflies	2
Bohemian	2
consummation	2
Bran	2
Barb	2
thirst	2
wallpaper	2
melodramas	2
NYPD	2
infinitive	2
Pig	2
lawns	2
marigolds	2
droplets	2
bigot	2
Mines	2
Letterbox	2
cloths	2
togs	2
hummock	2
Betsy	2
failures	2
Vaccine	2
fastback	2
Bambara	2
phosphates	2
oceans	2
Weller	2
passengers	2
safekeeping	2
Lily	2
bother	2
Rivers	2
Winds	2
classes	2
clicking	2
bookshop	2
citizens	2
scapegoat	2
r	2
Call	2
ptarmigan	2
Bottega	2
bedchambers	2
females	2
stroke	2
rapids	2
mythology	2
folk	2
Horn	2
directorship	2
helpless	2
different	2
hoist	2
quarx	2
kneel	2
lagobas	2
turnstile	2
fermentation	2
brothel	2
trench	2
insolence	2
lament	2
Ernst	2
warrior	2
rocker	2
agonies	2
ethics	2
bedsheets	2
bush	2
240	2
P.M.	2
favor	2
hydrocarbons	2
Bordeaux	2
payday	2
Resolution	2
p212	2
Calhoun	2
704	2
sailboat	2
Christopher	2
flurries	2
twelve	2
straightens	2
championships	2
em	2
bump	2
BRIEFCASE	2
ACCENT	2
charlatan	2
billboard	2
ROOSTERSAURUS	2
BELL	2
walnut	2
goatasauruses	2
snap	2
Xenosaurus	2
stationary	2
15	2
1953	2
catchment	2
screams	2
candleabra	2
bumper	2
Coop	2
So	2
docks	2
pandemonium	2
Automatic	2
Jules	2
torch	2
EXT	2
probe	2
forcefield	2
WEB	2
circuitry	2
fluid	2
coil	2
FACE	2
MEDKIT	2
COCKPIT	2
flailing	2
Bedou	2
pentachloride	2
yperite	2
risky	2
STAR	2
partnership	2
goats	2
Arabic	2
yank	2
Wool	2
Sixteen	2
gab	2
Vogue	2
gallons	2
treat	2
independent	2
attachments	2
Igrushkayami	2
continents	2
junction	2
Joseph	2
exclaimed	2
shack	2
Darfur	2
Atlanta	2
Attempts	2
Repos	2
gaunt	2
buggy	2
ruins	2
bald	2
midnight	2
hillside	2
highlights	2
algae	2
Richmond	2
Lluna	2
Convent	2
behaving	2
Beale	2
cubbyhole	2
ranches	2
sparrows	2
extinguisher	2
prompter	2
helicopter	2
stairwell	2
He	2
coarse	2
Good	2
swinging	2
ceviche	2
spinning	2
Elspeth	2
roomy	2
essays	2
passenger	2
quarter	2
AI	2
AM	2
misunderstanding	2
fingertip	2
affirmative	2
negative	2
seiner	2
picked	2
mar	2
C.O.P.E.	2
subjects	2
Marisol	2
reavers	2
coals	2
Mass	2
winepress	2
trough	2
arrows	2
soundtracks	2
broads	2
Chakrapranesh	2
Pentothal	2
bromide	2
chloride	2
better	2
wordplay	2
alloys	2
constellations	2
l	2
hairbrush	2
printout	2
Smell	2
metro	2
SNARC	2
Causeway	2
charcoal	2
scatter	2
Lozenges	2
60	2
smalltime	2
The	2
challenges	2
drills	2
crono	2
blasts	2
baying	2
blues	2
million	2
celebrities	2
Politics	2
piton	2
remains	2
laborer	2
Empire	2
hospitality	2
padding	2
amygdala	2
stucco	2
Bond	2
Estate	2
routes	2
Pirate	2
shooter	2
blizzard	2
particle	2
transponders	2
stress	2
GHOST	2
Territory	2
knapsack	2
newsroom	2
microbraids	2
Winery	2
remedies	2
Montclarion	2
cultures	2
McCelvoy	2
crockery	2
Wildcat	2
Tea	2
spectrum	2
diplomat	2
muz	2
introspection	2
colony	2
Kakaik	2
Skechers	2
hamstrings	2
cubide	2
toothy	2
hipbone	2
crow	2
prig	2
Kreltek	2
Varnak	2
nametag	2
Apollo	2
mounting	2
rubbish	2
customers	2
R512	2
Spehar	2
Frome	2
Berkshires	2
idyll	2
Elizabeth	2
premiere	2
damselfly	2
artichokes	2
chemo	2
grocery	2
monuments	2
Clips	2
Peninsula	2
blessedness	2
supporter	2
Morgan	2
pouches	2
Idol	2
moves	2
Lutheran	2
gearhead	2
SUV	2
rates	2
talisman	2
soaked	2
witch	2
securities	2
Ninth	2
heavyweight	2
Leopoldskron	2
routines	2
SantaLand	2
polenta	2
ferns	2
Cabals	2
rung	2
Seattle	2
backchannel	2
folders	2
dowry	2
max	2
gurney	2
watermelon	2
microwave	2
Voyageurs	2
caramel	2
screenwriter	2
Monster	2
garth	2
antlers	2
cafT	2
charger	2
Glocks	2
Possessiveness	2
Cleopatra	2
shovels	2
tomb	2
coughing	2
Mazatl	2
splint	2
adopted	2
pregnant	2
spans	2
originals	2
dimple	2
Winchester	2
thorny	2
1:30	2
beep	2
Freedom	2
kerchief	2
Faber	2
Powers	2
Speech	2
Spamwiches	2
Blake	2
senior	2
DVD	2
cramping	2
antennae	2
Hypatia	2
nucleus	2
Jaynes	2
retina	2
4tn	2
staircases	2
esteem	2
regulars	2
sparks	2
fort	2
hearts	2
guess	2
juices	2
thieves	2
gums	2
Marla	2
Pelusium	2
Lives	2
Phantom	2
fingerprints	2
Phillip	2
molds	2
Listen	2
blush	2
Esplanade	2
crews	2
blend	2
sinuses	2
Methodist	2
siege	2
hordes	2
pique	2
Name	2
mocked	2
here	2
Hair	2
castration	2
Malachi	2
coreligionist	2
draw	2
alternations	2
Liberation	2
dictions	2
ideology	2
anonymous	2
Despair	2
Structures	2
Guineas	2
imperatives	2
Fugue	2
scalpel	2
boar	2
Fernandez	2
Tedeceiras	2
worries	2
desperation	2
vivants	2
disappearance	2
allegro	2
Self	2
expletive	2
shyness	2
Asta	2
Banquet	2
intellectual	2
41;657;TOOLONG	2
cataclysms	2
Buckley	2
pathos	2
tacks	2
injection	2
discontent	2
motorboat	2
mitzvah	2
pneumonia	2
pimples	2
bummers	2
pig	2
skyline	2
provinces	2
canneries	2
penknives	2
arroyo	2
taint	2
EMERGENCY	2
dominions	2
Jose	2
Hardware	2
Alaska	2
trellis	2
artist	2
shows	2
prattle	2
leuprolide	2
memoir	2
stool	2
flapping	2
complaint	2
airline	2
unum	2
prurient	2
Pardon	2
nickel	2
impromptu	2
fuchsia	2
braid	2
saltwater	2
boulder	2
governor	2
pncumococcus	2
closing	2
aristocracy	2
growths	2
TwentySecond	2
hang	2
wizardry	2
Pimlico	2
mad	2
Stafford	2
relationships	2
luncheon	2
Blaine	2
Markers	2
contralto	2
lectern	2
canoe	2
Gesh	2
alliance	2
proverb	2
peril	2
laboratories	2
settings	2
infant	2
chime	2
dyke	2
cleft	2
glimmer	2
saloon	2
expanse	2
Zone	2
inments	2
tumble	2
highest	2
takers	2
dart	2
gowns	2
jewels	2
Woods	2
verses	2
Cassidy	2
circlet	2
whiteness	2
aching	2
Halloween	2
Pratt	2
cowlicks	2
Chip	2
seep	2
cakes	2
grub	2
faleyn	2
lemonade	2
concentrations	2
permafrosts	2
specialists	2
svoloch	2
brilliantine	2
alleyway	2
hooch	2
Hebrew	2
commune	2
foulness	2
breeches	2
expressions	2
ingredient	2
bib	2
thaw	2
jounces	2
miner	2
geography	2
Al	2
cutter	2
jodhpurs	2
veneer	2
cabbage	2
Braden	2
steerage	2
Jellie	2
continental	2
veranda	2
weevil	2
jowl	2
cousins	2
peacocks	2
commands	2
motorcycles	2
schoolhouse	2
trick	2
Died	2
stretcher	2
steroids	2
drier	2
intersection	2
tattoo	2
stamps	2
Texas	2
E	2
PANTIES	2
sapling	2
couplet	2
fortress	2
amusing	2
Explorers	2
UP	2
silverfish	2
COMBINE	2
Father	2
SEQUENCE	2
terminal	2
Foundation	2
Justice	2
salutes	2
clerks	2
Jonah	2
Rick	2
Nevada	2
Shanony	2
traption	2
RADIO	2
stance	2
thumbnail	2
Zeitung	2
skullcap	2
Lisa	2
Barak	2
Yossi	2
pinprick	2
biner	2
Eloni	2
forgotten	2
submarines	2
doubloon	2
Communication	2
Garden	2
symptoms	2
Bethlehem	2
paddles	2
Bingo	2
rosebug	2
disdain	2
Angel	2
Rat	2
lawnmower	2
Humanities	2
creamer	2
bristle	2
70.36	2
coal	2
jigsaw	2
Mama	2
speaker	2
invoice	2
FORTNIGHT	2
usual	2
Washington	2
thrum	2
gauntlet	2
strides	2
Folger	2
bandage	2
Girl	2
espressivo	2
commode	2
counsel	2
convention	2
booths	2
stable	2
clish	2
lampblack	2
truths	2
warum	2
wounds	2
exhausts	2
subtitles	2
foam	2
performing	2
chromosomes	2
hobby	2
operations	2
chick	2
levee	2
ailment	2
Plate	2
symbols	2
anima	2
gloom	2
envy	2
Examiner	2
slime	2
stems	2
Steps	2
Quentin	2
bible	2
metaphoricality	2
Lewis	2
blackboards	2
mummies	2
toothpick	2
lasagna	2
Sugar	2
housing	2
Judenrat	2
millennium	2
squirrel	2
phonemes	2
digger	2
ticking	2
extension	2
electrons	2
solder	2
corkboard	2
muffins	2
prose	2
punishments	2
hydrologist	2
Lewisville	2
schoolteacher	2
delinquent	2
Jr.	2
deeds	2
Max	2
violations	2
geysers	2
chintz	2
Shull	2
o	2
pylons	2
bruise	2
programme	2
steel	2
spikelets	2
droplet	2
quarrels	2
Beaver	2
Schmidt	2
scrapbooks	2
Gregory	2
purposes	2
jet	2
click	2
heavens	2
Aliens	2
Rifles	2
drysuit	2
sphinx	2
push	2
promise	2
prehistory	2
propriety	2
till	2
fleas	2
beetles	2
overalls	2
skyscraper	2
Taurus	2
wineglasses	2
Gertrudis	2
turtledoves	2
galena	2
News	2
tract	2
wrinkles	2
uncertainties	2
lymphoma	2
earringswith	2
grades	2
bookkeeper	2
droom	2
cargos	2
pogroms	2
laughs	2
honor	2
Award	2
thud	2
safflowers	2
wears	2
Sayuri	2
sacking	2
leather	2
impersonality	2
dinary	2
equivalent	2
tinkle	2
95	2
aunt	2
periscope	2
stacks	2
Ledges	2
Kidd	2
Gordons	2
watts	2
wondering	2
groums	2
McCarty	2
uplink	2
TUNNEL	2
ANTENNA	2
FRIEZE	2
LINES	2
STAIRCASE	2
NIGHT	2
razzberry	2
BERET	2
chrome	2
CLOSE	2
targets	2
belvedere	2
plantation	2
CARLA	2
BEAT	2
aeroplane	2
T.V.	2
sprinkler	2
MTV	2
Bluntman	2
gay	2
gasses	2
saw	2
VENT	2
ENGINE	2
knots	2
swat	2
gel	2
scorpionflies	2
tentacle	2
omelet	2
Darksider	2
paisley	2
Flower	2
taxes	2
subsidy	2
Homecoming	2
magnetometer	2
settlers	2
Princess	2
genre	2
bonnet	2
terraces	2
brutishness	2
Adriane	2
breaths	2
largeness	2
tyrant	2
Triangles	2
Overture	2
Vikings	2
Helluland	2
Daragon	2
Coggins	2
codon	2
shopright	2
turnover	2
Inc.	2
musicians	2
Jay	2
cassava	2
potions	2
Zamak	2
parapet	2
brave	2
piquante	2
wool	2
droopy	2
Carlos	2
Quidditch	2
friendships	2
Pytuitariax	2
Conservatory	2
Amherst	2
dawn	2
Fields	2
Chanh	2
mackerel	2
seagull	2
scientists	2
famines	2
Chair	2
innocence	2
hydrangeas	2
petitions	2
Volvos	2
hocks	2
beacon	2
1.41	2
mineral	2
grown	2
crewmembers	2
Flat	2
tabs	2
hots	2
detectors	2
memorabilia	2
Ioquake	2
chimp	2
jumper	2
Never	2
undesirable	2
Goodwill	2
calander	2
chemical	2
chessgrid	2
aureoles	2
winds	2
cleverness	2
daddy	2
hummel	2
dimness	2
reefer	2
Sears	2
rays	2
catastrophe	2
ibuprofen	2
catfish	2
mountaintops	2
advances	2
waterresistant	2
Larissa	2
Parks	2
intellect	2
sperm	2
galley	2
distances	2
gadget	2
sinkholes	2
bedclothes	2
KHOZYAIKA	2
Melody	2
ploughboy	2
appendix	2
Katz	2
shrouds	2
alternatives	2
grant	2
Vitae	2
glacier	2
brawls	2
foyer	2
Library	2
Constellation	2
disrobing	2
clone	2
candidate	2
naches	2
jukebox	2
powwow	2
feather	2
birthdays	2
Intramuros	2
genes	2
pronounce	2
slack	2
Wordsworth	2
closets	2
condominium	2
murmured	2
hematoma	2
Psychology	2
transferred	2
Dome	2
areata	2
totalis	2
stocking	2
muzzle	2
brandies	2
colosseum	2
shots	2
Obscura	2
Leon	2
condoms	2
Ferry	2
Terfunt	2
towels	2
Chapel	2
Divorce	2
actor	2
Marketing	2
Kings	2
piazza	2
7:48	2
rickshaw	2
motorcars	2
cartoons	2
terrain	2
hilt	2
S600V	2
Astarte	2
Erie	2
thesaurus	2
Scale	2
Senator	2
heartbeats	2
Mourning	2
barbells	2
automobile	2
Writing	2
grates	2
earrings	2
Chinese	2
Chamber	2
showed	2
bat	2
umbrellas	2
touching	2
surname	2
Minder	2
scanner	2
workplace	2
Playhouse	2
oleanders	2
Lowcountry	2
Duval	2
interdict	2
Carpenter	2
Muji	2
Depression	2
colonies	2
swam	2
rimmed	2
escalator	2
Supercuts	2
oldie	2
Sept	2
shook	2
wrapper	2
decades	2
daughtah	2
ropes	2
Pommeroys	2
confessions	2
sprees	2
Midwinter	2
Nigger	2
thrums	2
WOOP	2
MARQUEE	2
journalist	2
Part	2
influence	2
Helsinki	2
JUGULARS	2
rip	2
swallow	2
basalt	2
booby	2
hooks	2
360	2
plunger	2
creaks	2
REGISTRATION	2
roundhouse	2
Suburban	2
melody	2
DESERT	2
win	2
FAN	2
WINDOWS	2
Sistina	2
camaraderie	2
25.00	2
Trumpets	2
gourd	2
Spec	2
hoopla	2
genome	2
asphalt	2
variation	2
transuranics	2
kuru	2
volumes	2
Lessing	2
cocoa	2
slutty	2
hedge	2
haircloth	2
shofar	2
Party	2
uprights	2
VI	2
vidscreen	2
therapies	2
thong	2
Troll	2
hesitation	2
giggles	2
Dara	2
ambivalence	2
drain	2
hoists	2
Guitar	2
tapestry	2
Norhaart	2
cartoon	2
neighbors	2
anniversaries	2
Jamestown	2
subculture	2
trances	2
cicada	2
Comp	2
fries	2
shitload	2
ire	2
Camry	2
Budapest	2
12:25	2
dispute	2
sweatshirts	2
repairs	2
echo	2
Hills	2
pro	2
infrastructure	2
mastiff	2
reporters	2
Wallace	2
shoots	2
Alex	2
Rollergirl	2
Zulu	2
hana	2
clause	2
Plutonium-244	2
7:09	2
apparitions	2
rattlings	2
blows	2
sill	2
Jitendra	2
boom	2
conclusions	2
ore	2
supply	2
bikes	2
Teacher	2
11:28	2
natives	2
fang	2
been	2
downwards	2
Cernunnos	2
Gort	2
Incubation	2
transmission	2
Zaquitos	2
stanza	2
amuleto	2
renting	2
Jacob	2
pang	2
berth	2
duck	2
bruises	2
abstinence	2
detector	2
scarves	2
sura	2
flyingmachines	2
scowling	2
laconic	2
benefit	2
Hal	2
open	2
spikes	2
Voice	2
Miyuki	2
Renoir	2
catalogs	2
Fife	2
aid	2
Style	2
Side	2
Seine	2
Kabbala	2
daydream	2
tracings	2
Vodou	2
memoirs	2
recognition	2
speak	2
Paterson	2
libre	2
percussions	2
deniability	2
bangles	2
suffering	2
strap	2
thrush	2
jasmine	2
Alabama	2
secrecy	2
stash	2
refreshments	2
crematory	2
pulse	2
reconciliation	2
actions	2
treaties	2
pasah	2
cure	2
morsels	2
Satish	2
warden	2
lobotomy	2
Tabriz	2
groceries	2
welfare	2
poodle	2
Deli	2
medications	2
Experience	2
manse	2
Cadillac	2
Pass	2
Ireland	2
Lubyanka	2
stoplight	2
Nazione	2
Shenge	2
Jewelry	2
outcrop	2
conditioners	2
crank	2
Landing	2
Fast	2
collages	2
homosexuality	2
brigade	2
charades	2
garlands	2
>	2
sultana	2
dances	2
barroom	2
visa	2
praised	2
unconscious	2
Residence	2
Russes	2
Tiresias	2
Ball	2
dice	2
quartet	2
dumbwaiter	2
beetle	2
laying	2
raid	2
lineup	2
gunshot	2
garment	2
Thursday	2
Miller	2
Market	2
Familia	2
Jack	2
hostel	2
Cakes	2
shakes	2
Gaul	2
opener	2
February	2
shiver	2
kudzu	2
Bovary	2
handbook	2
undertone	2
Pillow	2
contingency	2
Kreeger	2
CB	2
credits	2
Camelen	2
isle	2
cathedral	2
sandcastles	2
moderate	2
Rubinstein	2
Concord	2
Thames	2
swarms	2
sermon	2
pinch	2
constable	2
quirks	2
conceit	2
alphabetically	2
Movie	2
Clock	2
Concho	2
did	2
oranges	2
handkerchiefs	2
precocity	2
foliot	2
indoors	2
Technicolor	2
45s	2
HEAD	2
KNOCKS	2
neon	2
drainpipe	2
Dali	2
labs	2
MANNY	2
HANDLE	2
PROMONTORY	2
AREA	2
VINES	2
DENHAM	2
SKULL	2
micro	2
Strykers	2
longs	2
semi	2
comedians	2
lightbulb	2
spore	2
meantime	2
Birch	2
Cod	2
sukkah	2
consternation	2
exultation	2
junkies	2
imaginings	2
faculty	2
austerity	2
thinkers	2
Mheiti	2
steppe	2
Filippo	2
crumb	2
drunks	2
purport	2
ness	2
Escalante	2
posterity	2
Law	2
analyses	2
detour	2
diem	2
Hlne	2
tems	2
homages	2
goulash	2
convoy	2
crispness	2
tonnage	2
cadavers	2
cube	2
paint	2
M-80	2
snot	2
Blossoms	2
sinks	2
flare	2
chocolates	2
cramps	2
demands	2
endowment	2
endearments	2
dandelion	2
Banner	2
insects	2
debacles	2
Shop	2
Philco	2
Din	2
triceps	2
Graffiti	2
stalks	2
aftershave	2
liqueur	2
vitamins	2
Fisher	2
preoccupation	2
salts	2
supermarket	2
microfiche	2
crease	2
bleat	2
bran	2
lions	2
ornament	2
urns	2
Panama	2
beaker	2
Obergymnasium	2
Communications	2
pickup	2
spruce	2
musings	2
mayor	2
brocades	2
Weiss	2
Dream	2
gulf	2
ampules	2
manual	2
collaterals	2
patterned	2
multitudes	2
runoff	2
thrower	2
Neversweat	2
petticoat	2
Mauler	2
boxer	2
Billings	2
fool	2
Parlor	2
LOVE	2
mutter	2
not	2
knockout	2
slides	2
Turnbull	2
collarbone	2
bins	2
glassy	2
discount	2
parks	2
sion	2
Dear	2
precious	2
girlfriends	2
Queenie	2
pine	2
plantations	2
Walter	2
Union	2
Greece	2
harvest	2
attorney	2
decision	2
rector	2
intent	2
longings	2
gothics	2
excursion	2
damask	2
misgivings	2
enterprises	2
lashing	2
shipments	2
landmass	2
fake	2
minus	2
vegetation	2
supercomputers	2
velociraptor	2
meatus	2
expectation	2
stego	2
emplacements	2
consoles	2
tobacco	2
worshippers	2
toy	2
longest	2
intake	2
helmets	2
equator	2
crackling	2
Yvelddur	2
rity	2
clash	2
parasol	2
bounty	2
boon	2
conduit	2
Sexton	2
members	2
trading	2
swamplands	2
snipers	2
leeches	2
reefs	2
bombing	2
Silae	2
7.0	2
autotable	2
bile	2
tame	2
foresight	2
1-A	2
Allison	2
DMZ	2
furnishings	2
racetrack	2
sickness	2
Macbeth	2
ouse	2
decisiveness	2
falseness	2
bemusement	2
Leviathan	2
parking	2
Cassandra	2
Brigade	2
foundations	2
disciplines	2
Mitzvah	2
poplars	2
Dolman	2
hose	2
wheeze	2
insufficiencies	2
painkillers	2
brewery	2
p86	2
jelly	2
solstice	2
Salem	2
Styx	2
dowhee	2
clerestories	2
copse	2
squeal	2
headgear	2
croup	2
advance	2
squeeze	2
rodent	2
thigh	2
preserve	2
hatred	2
embarrassed	2
anarchy	2
assumptions	2
billionaire	2
Governor	2
prohibition	2
longevity	2
dissolved	2
ingredients	2
railings	2
kippers	2
appointment	2
reports	2
alcoholic	2
Buses	2
aprons	2
shihonage	2
ARM	2
downs	2
Dagmar	2
Sukiyaki	2
gongs	2
crosshairs	2
THUNDERCLAP	2
HEADLINE	2
FLAMES	2
jars	2
drillhammer	2
DEVICE	2
hologram	2
videoplayer	2
BALCONY	2
girders	2
SETS	2
Mole	2
groupings	2
stakes	2
BOOMS	2
dayroom	2
cufflink	2
globules	2
popcorn	2
Cooper	2
designs	2
Purpose	2
tiles	2
sUght	2
aseptic	2
laminas	2
chariot	2
troll	2
cinder	2
superstructure	2
sloven	2
Vancouver	2
propeller	2
Dawn	2
Mother	2
Sulpicia	2
postmark	2
tonight	2
pastries	2
clapping	2
patches	2
Mayo	2
Game	2
swimsuits	2
characteristics	2
concerts	2
sandal	2
bowline	2
redo	2
reaches	2
denizens	2
Sinclair	2
pound	2
injuries	2
looping	2
magick	2
sweats	2
fooling	2
campfire	2
industry	2
Jacobs	2
lope	2
foundry	2
Baxter	2
groupie	2
gadgets	2
glove	2
premises	2
Princeton	2
UNAVAILABLE	2
twists	2
Esme	2
cocktails	2
Twins	2
access	2
premium	2
pendant	2
switchblade	2
stonework	2
clique	2
Limo	2
gauge	2
diligence	2
fritz	2
wisps	2
rights	2
dealers	2
brittle	2
rim	2
qualifications	2
grout	2
condemnation	2
median	2
morena	2
rea	2
entrants	2
Cullman	2
index	2
Sunset	2
Flight	2
Shanghainese	2
bras	2
Denali	2
limelight	2
Worcestershire	2
Saybrook	2
asset	2
breakwater	2
conclusion	2
copperwires	2
lick	2
tailbone	2
constitution	2
Carolina	2
guileless	2
caftan	2
imitation	2
murmuring	2
keep	2
rattle	2
Division	2
Miralee	2
Susie	2
gangster	2
highwayman	2
Tugging	2
Chinatown	2
pupils	2
demand	2
inmates	2
Cusack	2
frontal	2
muscle	2
flutter	2
cello	2
rich	2
slant	2
picnic	2
hotter	2
howl	2
smart	2
veggies	2
Suidhe	2
Commission	2
treason	2
Smithsonian	2
ape	2
habitat	2
Hanno	2
Country	2
sidecar	2
rendezvous	2
ne	2
say	2
Maxwell	2
insides	2
Bartholomew	2
hunch	2
Costco	2
extremity	2
Sing	2
Robbers	2
Cana	2
stitchings	2
Caliph	2
Gel	2
obit	2
pistols	2
crosses	2
distinctness	2
meadows	2
coolness	2
omelette	2
dumpster	2
meet	2
Gothic	2
profits	2
mirtazapine	2
Okura	2
ee	2
Alster	2
extremities	2
stem	2
Piet	2
liftoff	2
jackknife	2
anthropomorphism	2
luggage	2
Uttle	2
absorption	2
existential	2
Superdome	2
entreaty	2
laces	2
Eve	2
CO2	2
Paula	2
Method	2
Delia	2
Spectator	2
retro	2
accents	2
naked	2
Arkfall	2
jangling	2
Reich	2
Catch	2
rum	2
wa	2
shuqi	2
comparison	2
accompaniment	2
conception	2
Media	2
Scene	2
Marker	2
right-	2
falcon	2
Boreal	2
eyeholes	2
bob	2
criteria	2
solemnity	2
armor	2
tenderness	2
Book	2
episodes	2
radios	2
meaning	2
prints	2
UFOs	1
scraps	1
Frenchman	1
coeur	1
chestnuts	1
lamentation	1
determination	1
virtues	1
solace	1
ottoman	1
scholar	1
strongbox	1
suburb	1
entries	1
patchwork	1
composite	1
whispers	1
boilers	1
aliens	1
discouragement	1
construct	1
Period	1
quickness	1
Coast	1
slouch	1
Milleau	1
Plants	1
sac	1
Pinky	1
queue	1
wreck	1
antibiotics	1
bankcard	1
expectancy	1
motto	1
Thens	1
tor	1
cabinets	1
wants	1
mechanisms	1
decade	1
lawbreakers	1
militia	1
Armageddon	1
due	1
warmer	1
freckles	1
Sus	1
equilibrium	1
vigor	1
birthmark	1
manuscripts	1
Envy	1
graduations	1
smaller	1
monastery	1
Duke	1
benchmark	1
smugness	1
singers	1
anythinggolf	1
carpetbag	1
colonnade	1
e	1
CUPS	1
prisons	1
linguistics	1
1006317	1
shed	1
kicks	1
Work	1
gentleness	1
Monthly	1
Kevlar	1
grievance	1
barrier	1
marrow	1
backpacks	1
mausoleum	1
prostitute	1
Sling	1
modesty	1
pastorneither	1
inhabitants	1
Taurans	1
institution	1
Rorschach	1
investment	1
1,091	1
hell	1
crucible	1
recall	1
honky	1
DRAWER	1
sigil	1
bloodedness	1
G.	1
incantation	1
sunsets	1
misapprehensions	1
sham	1
spite	1
guffaw	1
jubilation	1
flaws	1
calvings	1
Chaulliac	1
cloudy	1
Continent	1
numbness	1
rally	1
venture	1
pirates	1
2	1
artworks	1
rudder	1
unconcern	1
milieu	1
mirage	1
scenarios	1
avoidance	1
repertoire	1
Kicks	1
bookshelves	1
shacks	1
throne	1
hank	1
invasion	1
raspberries	1
Knit	1
ventures	1
croutons	1
Codorniu	1
thrones	1
belts	1
threat	1
humdrum	1
swiftness	1
liberty	1
brew	1
washing	1
simplicity	1
orphanages	1
bedrooms	1
secretiveness	1
Yiddish	1
cork	1
planes	1
pulls	1
slumber	1
hilltop	1
trips	1
packaging	1
orbs	1
Gepeth	1
restraints	1
ruse	1
Loren	1
depositions	1
Limousines	1
headstones	1
Plantagenets	1
wreckage	1
Insight	1
straight	1
districts	1
Nissan	1
Ladders	1
Tale	1
Discourse	1
forthem	1
precipice	1
penury	1
Andi	1
Croatia	1
extremophiles	1
negotiations	1
pitches	1
photos	1
camel	1
mishmash	1
vignettes	1
respites	1
discoveries	1
satchel	1
2.60	1
surety	1
brac	1
solitude	1
interlude	1
Syndrome	1
wasteland	1
bogland	1
scuffle	1
Solange	1
tics	1
priests	1
mute	1
learning	1
monologues	1
salesman	1
hen	1
overabundance	1
pyramid	1
CHAPEL	1
lame	1
Audie	1
Nicht	1
inclination	1
roughness	1
farms	1
lowcountry	1
Range	1
rhythms	1
limbo	1
Germans	1
Lester	1
ell	1
mites	1
siasm	1
inns	1
cumstances	1
gunpowder	1
regiments	1
overtones	1
Arianna	1
subtlety	1
finesse	1
myths	1
Being	1
notoriety	1
proposition	1
preparation	1
cellophane	1
hesitancy	1
regiment	1
proteins	1
caddy	1
Mementos	1
hybrids	1
possession	1
viewscreen	1
suspensions	1
luster	1
swan	1
mammals	1
PC	1
inventions	1
yelling	1
neuroreceptors	1
estates	1
limits	1
Stern	1
Kremlin	1
stronzo	1
dressed	1
convoys	1
fireplaces	1
patronage	1
openings	1
trails	1
paragraphs	1
leftovers	1
celebrations	1
buzz	1
medicines	1
leotard	1
slew	1
absurdity	1
rationality	1
foxglove	1
vinyl	1
diseases	1
dumps	1
anecdote	1
miracles	1
blackboard	1
anybody	1
Alexei	1
SHOW	1
Sign	1
witches	1
cages	1
interrogations	1
nap	1
soils	1
geometry	1
chief	1
invention	1
Shiloh	1
nanoplast	1
loopleaves	1
Romero	1
sightings	1
review	1
sledges	1
perversity	1
leaflet	1
election	1
satire	1
parable	1
relentlessness	1
newcomers	1
stride	1
banter	1
hoe	1
aspects	1
breach	1
willow	1
acknowledgment	1
blessing	1
archway	1
tiers	1
spoons	1
documentary	1
Establishing	1
Walkman	1
ranchers	1
bungalows	1
pilsner	1
amusements	1
discipline	1
Puzzles	1
byways	1
boxcars	1
temptation	1
Jesus	1
insurgencies	1
garages	1
Both	1
luxury	1
Adjacent	1
throw	1
cobwebs	1
upkeep	1
intercession	1
frat	1
landscapes	1
hangars	1
slippers	1
housewifery	1
sideshow	1
Mustangs	1
bloodlines	1
circumstance	1
bonuses	1
dialect	1
bows	1
truce	1
irruption	1
vocabulary	1
Corvettes	1
Fountain	1
pahoehoe	1
predator	1
oath	1
comprehensiveness	1
earnestness	1
bitters	1
replaying	1
pastis	1
pomposity	1
gatherings	1
brim	1
obstinacy	1
compulsion	1
blunder	1
pioneers	1
paradigm	1
powders	1
venom	1
slaves	1
farming	1
cha	1
Conversation	1
generalities	1
Connemara	1
archy	1
wrinkle	1
convulsions	1
benevolence	1
sweaters	1
fins	1
decanter	1
products	1
addition	1
thickness	1
genius	1
museum	1
alchymist	1
Lens	1
mole	1
vigilance	1
nutriment	1
germ	1
subjectum	1
Indies	1
William	1
vanishment	1
Rootie	1
McKenzies	1
dais	1
Pleasures	1
sunroom	1
spirals	1
SKY	1
thoroughness	1
attitudes	1
several	1
Conte	1
Cavalry	1
pressures	1
transfusions	1
Doll	1
danger	1
MUZAK	1
descriptions	1
velvet	1
companion	1
fatalism	1
whetstone	1
depth	1
hem	1
grounds	1
vegetarians	1
persistence	1
glories	1
Bogie	1
inclined	1
displacement	1
carapace	1
theatrical	1
bifocals	1
slang	1
Cook	1
porridge	1
Stroll	1
dispatch	1
Boat	1
El	1
stardom	1
Victor	1
covers	1
flyswatter	1
phases	1
pasta	1
randomness	1
confinement	1
vocation	1
flattens	1
drape	1
carpets	1
torts	1
Berwick	1
scientist	1
skits	1
Luger	1
anteroom	1
floorboards	1
pipemaker	1
recession	1
methods	1
fumes	1
jabs	1
cabs	1
Parker	1
Knot	1
accomplishment	1
shopper	1
shortcoming	1
sled	1
expedience	1
October	1
wands	1
exuberance	1
partitas	1
shoebox	1
spatter	1
dialogues	1
ton	1
variables	1
sutras	1
publisher	1
flop	1
exam	1
elders	1
podium	1
Entertainment	1
aplomb	1
clamor	1
maelstrom	1
constraints	1
martini	1
1500	1
Querida	1
Noxzema	1
Choate	1
scripture	1
founder	1
applicants	1
paddies	1
boldness	1
containers	1
frontier	1
segments	1
scrutiny	1
trenchcoat	1
camps	1
Down	1
ponchos	1
operator	1
pillar	1
pickaxe	1
Symmetries	1
Cutty	1
forsythia	1
dampness	1
avenue	1
facade	1
PAPER	1
HOLE	1
commercials	1
mistakes	1
is	1
abysses	1
debates	1
trilogy	1
schoolgirl	1
skyscapes	1
Wells	1
scale	1
sunburst	1
labyrinths	1
Metaphysicals	1
economy	1
phantasmagoria	1
commodities	1
Amazon	1
slavery	1
periphery	1
igloo	1
which	1
credo	1
panoply	1
solicitor	1
Merit	1
Cafe	1
aspirants	1
banister	1
purdah	1
civilities	1
liaison	1
placidity	1
actresses	1
soapbox	1
Fielder	1
climax	1
slabs	1
facility	1
pageant	1
whisky	1
sensations	1
brown	1
oscillations	1
sufferings	1
Lotah	1
boyish	1
Bowl	1
tongues	1
longue	1
Reticulum	1
greatness	1
wedge	1
tableau	1
bower	1
archive	1
inflection	1
mower	1
mottoes	1
immigration	1
swaying	1
museums	1
acre	1
talents	1
crayon	1
Hortense	1
merriment	1
savagery	1
workings	1
memoranda	1
massacre	1
brooks	1
lesion	1
Tolvay	1
Incredibles	1
Haul	1
pickets	1
waterways	1
Ridley	1
lanterns	1
k'vod	1
memorization	1
discourses	1
conflicts	1
streetcars	1
mettle	1
olive	1
plays	1
mariners	1
plywood	1
Purchase	1
bluff	1
uncertainty	1
allotment	1
amulet	1
mesa	1
Sinai	1
handiwork	1
Recollections	1
Polish	1
slate	1
Tank	1
Ed	1
javelinas	1
derrick	1
FAX	1
familyness	1
proposal	1
buffet	1
banquet	1
dramas	1
parleying	1
discretion	1
pitch	1
custody	1
schooner	1
Year	1
cadence	1
Festival	1
savages	1
bagels	1
collective	1
countrysides	1
hopelessness	1
plains	1
situations	1
histories	1
archetypes	1
ironies	1
CDs	1
assent	1
cosmos	1
flak	1
senses	1
embankment	1
47	1
juxtaposing	1
twine	1
Cherisse	1
seemed	1
amazement	1
casualness	1
giving	1
armrest	1
boobs	1
sparsity	1
recliner	1
yogurts	1
roadways	1
briskness	1
elements	1
ard	1
malady	1
countergesture	1
Syrettes	1
dong	1
smashing	1
neighborhoods	1
Sundance	1
forks	1
hens	1
dynasty	1
monocle	1
bureaucrats	1
Psychological	1
tens	1
Characters	1
syntax	1
sites	1
blossomlike	1
refrain	1
internship	1
Pleiades	1
Years	1
protectiveness	1
MANNEQUINS	1
dump	1
storeroom	1
wills	1
Unpleasantness	1
televised	1
hazard	1
ecology	1
finality	1
tarts	1
enactedabold	1
Beach	1
midriff	1
bigger	1
enchantment	1
comforter	1
sector	1
mammogram	1
adolescence	1
allusions	1
ordinariness	1
Babs	1
camels	1
Tackle	1
northeast	1
rams	1
Decades	1
Sitwell	1
costumes	1
bickering	1
screwdriver	1
commitment	1
maintenance	1
Chattanooga	1
reruns	1
homeland	1
Anger	1
PICTURE	1
Shadow	1
JAR	1
remission	1
scenario	1
felt	1
numerous	1
elephant	1
voluptez	1
Republic	1
trashbag	1
parables	1
hatchet	1
ghettos	1
beau	1
burning	1
patience	1
scrubs	1
cassock	1
theorem	1
Blue	1
deliveries	1
Drink	1
undertaking	1
lethargy	1
shrines	1
lances	1
smoothness	1
loans	1
trek	1
whips	1
constituent	1
vehemence	1
wrongs	1
deliberation	1
ranchland	1
gymnasium	1
lathe	1
dunnage	1
visitors	1
madhouse	1
recruits	1
packing	1
unicycle	1
Freddy	1
filigree	1
announcement	1
clipping	1
bushes	1
succession	1
lure	1
brazier	1
logos	1
mirth	1
tintypes	1
imprint	1
stills	1
feces	1
powers	1
thriller	1
Moritz	1
treetops	1
steadiness	1
made	1
Katedral	1
licenses	1
clinics	1
